순번(No),시설물명,시설물구분,시설물종류,종별,관리주체구분,항목명,위치
1,원당지하차도,터널,지하차도,1종,공공,"형식 : 박스형 / 연장 : 960.0 m, 차로수 : 4",경기도 고양시
2,남태령지하차도,터널,지하차도,1종,공공,"형식 : 박스형 / 연장 : 920.0 m, 차로수 : 4",경기도 과천시
3,복합물류지하차도(군포),터널,지하차도,1종,공공,"형식 : BOX+ARCH / 연장 : 840.0 m, 차로수 : 4",경기도 군포시
4,운양지하차도,터널,지하차도,1종,공공,"형식 : 박스형 / 연장 : 2,722.0 m, 차로수 : 6",경기도 김포시
5,장기지하차도1,터널,지하차도,1종,공공,"형식 : 박스형 / 연장 : 999.0 m, 차로수 : 4",경기도 김포시
6,장기지하차도2,터널,지하차도,1종,공공,"형식 : 박스형 / 연장 : 1,220.0 m, 차로수 : 4",경기도 김포시
7,송내지하차도,터널,지하차도,1종,공공,"형식 : 미등록 / 연장 : 715.0 m, 차로수 : 6",경기도 부천시
8,광장지하차도,터널,지하차도,1종,공공,"형식 : 박스형 / 연장 : 1,842.1 m, 차로수 : 6",경기도 성남시
9,백현지하차도,터널,지하차도,1종,공공,"형식 : 박스형 / 연장 : 898.0 m, 차로수 : 4",경기도 성남시
10,화랑지하차도,터널,지하차도,1종,공공,"형식 : 박스형 / 연장 : 1,435.0 m, 차로수 : 6",경기도 성남시
11,고색지하차도,터널,지하차도,1종,공공,"형식 : 박스형 / 연장 : 500.0 m, 차로수 : 4",경기도 수원시
12,망포지하차도,터널,지하차도,1종,공공,"형식 : 박스형 / 연장 : 871.0 m, 차로수 : 6",경기도 수원시
13,법원 지하차도,터널,지하차도,1종,공공,"형식 : 박스형 / 연장 : 608.8 m, 차로수 : 4",경기도 수원시
14,상구운지하차도,터널,지하차도,1종,공공,"형식 : 박스형 / 연장 : 830.0 m, 차로수 : 4",경기도 수원시
15,세류지하차도,터널,지하차도,1종,공공,"형식 : 박스형 / 연장 : 620.0 m, 차로수 : 6",경기도 수원시
16,효원지하차도,터널,지하차도,1종,공공,"형식 : 박스형 / 연장 : 840.0 m, 차로수 : 4",경기도 수원시
17,장현지하차도,터널,지하차도,1종,공공,"형식 : 박스형 / 연장 : 1,040.0 m, 차로수 : 4",경기도 시흥시
18,상현지하차도,터널,지하차도,1종,공공,"형식 : 박스형 / 연장 : 1,065.0 m, 차로수 : 4",경기도 용인시
19,신대지하차도,터널,지하차도,1종,공공,"형식 : 박스형 / 연장 : 680.0 m, 차로수 : 4",경기도 용인시
20,죽전지하차도,터널,지하차도,1종,공공,"형식 : 박스형 / 연장 : 1,020.0 m, 차로수 : 4",경기도 용인시
21,복합물류지하차도(의왕),터널,지하차도,1종,공공,"형식 : BOX,ARCH / 연장 : 840.0 m, 차로수 : 4",경기도 의왕시
22,장암지하차도,터널,지하차도,1종,공공,"형식 : 박스형 / 연장 : 720.0 m, 차로수 : 4",경기도 의정부시
23,한길지하차도,터널,지하차도,1종,공공,"형식 : 박스형 / 연장 : 1,320.0 m, 차로수 : 4",경기도 파주시
24,중앙지하차도,터널,지하차도,1종,공공,"형식 : 박스형 / 연장 : 920.0 m, 차로수 : 4",경기도 평택시
25,금곡지하차도,터널,지하차도,1종,민간,"형식 : 라멘형 / 연장 : 3,125.0 m, 차로수 : 4",경기도 화성시
26,능동지하차도,터널,지하차도,1종,공공,"형식 : 박스형 / 연장 : 919.0 m, 차로수 : 2",경기도 화성시
27,동부대로3(보들)지하차도,터널,지하차도,1종,공공,"형식 : 2련BOX / 연장 : 1,065.0 m, 차로수 : 4",경기도 화성시
28,동부대로4(신리)지하차도,터널,지하차도,1종,공공,"형식 : 2련BOX / 연장 : 1,030.0 m, 차로수 : 4",경기도 화성시
29,봉담지하차도,터널,지하차도,1종,공공,"형식 : 박스형 / 연장 : 1,340.0 m, 차로수 : 4",경기도 화성시
30,용주1(화산1)지하차도,터널,지하차도,1종,공공,"형식 : 박스형 / 연장 : 920.0 m, 차로수 : 4",경기도 화성시
31,하길지하차도,터널,지하차도,1종,공공,"형식 : 박스형 / 연장 : 680.0 m, 차로수 : 6",경기도 화성시
32,하나지하차도,터널,지하차도,1종,공공,"형식 : 박스형 / 연장 : 500.0 m, 차로수 : 6",경기도 화성시
33,화산2(용주2)지하차도,터널,지하차도,1종,공공,"형식 : 박스형 / 연장 : 740.0 m, 차로수 : 5",경기도 화성시
34,혁신지하차도1,터널,지하차도,1종,공공,"형식 : 박스형 / 연장 : 738.0 m, 차로수 : 4",경상북도 김천시
35,장수1지하차도,터널,지하차도,1종,공공,"형식 : 라멘형 / 연장 : 783.0 m, 차로수 : 6",광주광역시 광산구
36,서창지하차도,터널,지하차도,1종,민간,"형식 : 라멘형 / 연장 : 640.0 m, 차로수 : 6",광주광역시 서구
37,서변지하차도,터널,지하차도,1종,공공,"형식 : 박스형 / 연장 : 966.5 m, 차로수 : 4",대구광역시 북구
38,장전지하차도,터널,지하차도,1종,공공,"형식 : 2련 BOX / 연장 : 1,000.0 m, 차로수 : 4",부산광역시 금정구
39,신선대지하차도,터널,지하차도,1종,공공,"형식 : 박스형 / 연장 : 1,800.0 m, 차로수 : 4",부산광역시 남구
40,감천지하차도,터널,지하차도,1종,민간,"형식 : 박스형 / 연장 : 964.0 m, 차로수 : 4",부산광역시 사하구
41,부산센텀시티 지하차도,터널,지하차도,1종,공공,"형식 : 박스형 / 연장 : 1,370.0 m, 차로수 : 6",부산광역시 해운대구
42,위례터널,터널,지하차도,1종,공공,"형식 : 아치형/BOX타입 / 연장 : 2,362.0 m, 차로수 : 4",서울특별시 강남구
43,외발산지하차도,터널,지하차도,1종,공공,"형식 : 박스형 / 연장 : 1,015.0 m, 차로수 : 4",서울특별시 강서구
44,금하지하차도,터널,지하차도,1종,공공,"형식 : 박스형 / 연장 : 1,259.0 m, 차로수 : 4",서울특별시 금천구
45,도봉지하차도,터널,지하차도,1종,공공,"형식 : 박스형 / 연장 : 2,990.0 m, 차로수 : 3",서울특별시 노원구
46,위례중앙지하차도,터널,지하차도,1종,공공,"형식 : 아치형 / 연장 : 930.0 m, 차로수 : 4",서울특별시 송파구
47,경인1지하차도,터널,지하차도,1종,공공,"형식 : 박스형 / 연장 : 1,685.0 m, 차로수 : 4",서울특별시 양천구
48,서부트럭터미널앞 지하차도,터널,지하차도,1종,공공,"형식 : 박스형 / 연장 : 1,075.0 m, 차로수 : 4",서울특별시 양천구
49,미래지하차도(BRT지하차도),터널,지하차도,1종,공공,"형식 : 박스형 / 연장 : 630.0 m, 차로수 : 2",세종특별자치시
50,사오리지하차도,터널,지하차도,1종,공공,"형식 : 박스형 / 연장 : 1,825.0 m, 차로수 : 6",세종특별자치시
51,주추지하차도,터널,지하차도,1종,공공,"형식 : 미등록 / 연장 : 2,803.0 m, 차로수 : 6",세종특별자치시
52,대송지하차도,터널,지하차도,1종,민간,"형식 : 박스형 / 연장 : 640.0 m, 차로수 : 4",울산광역시 동구
53,루원지하차도,터널,지하차도,1종,공공,"형식 : 박스형 / 연장 : 1,280.0 m, 차로수 : 4",인천광역시 서구
54,중봉지하차도,터널,지하차도,1종,공공,"형식 : 박스형 / 연장 : 1,932.3 m, 차로수 : 4",인천광역시 서구
55,청라국제지하차도,터널,지하차도,1종,민간,"형식 : 함형 / 연장 : 2,580.0 m, 차로수 : 6",인천광역시 서구
56,두빛나래 지하차도,터널,지하차도,1종,공공,"형식 : 박스형 / 연장 : 740.0 m, 차로수 : 6",인천광역시 중구
57,서천도월지하차도,터널,지하차도,1종,공공,"형식 : 박스형 / 연장 : 980.0 m, 차로수 : 4",전라남도 광양시
58,옥암지하차도,터널,지하차도,1종,공공,"형식 : 박스형 / 연장 : 650.0 m, 차로수 : 4",전라남도 목포시
59,오룡지하차도,터널,지하차도,1종,공공,"형식 : 박스형 / 연장 : 1,045.0 m, 차로수 : 4",전라남도 무안군
60,천안로 지하차도,터널,지하차도,1종,공공,"형식 : 박스형 / 연장 : 700.0 m, 차로수 : 4",충청남도 천안시
61,내포지하차도,터널,지하차도,1종,공공,"형식 : 박스형 / 연장 : 930.0 m, 차로수 : 4",충청남도 홍성군
62,단계지하차도,터널,지하차도,2종,공공,"형식 : 박스형 / 연장 : 145.0 m, 차로수 : 4",강원특별자치도 원주시
63,춘천역 지하차도,터널,지하차도,2종,공공,"형식 : 박스형 / 연장 : 482.5 m, 차로수 : 4",강원특별자치도 춘천시
64,절골지하차도,터널,지하차도,2종,공공,"형식 : 박스형 / 연장 : 375.0 m, 차로수 : 2",강원특별자치도 태백시
65,강매지하차도,터널,지하차도,2종,공공,"형식 : 미등록 / 연장 : 444.0 m, 차로수 : 6",경기도 고양시
66,강촌로지하차도,터널,지하차도,2종,공공,"형식 : 박스형 / 연장 : 270.0 m, 차로수 : 4",경기도 고양시
67,구산지하차도,터널,지하차도,2종,공공,"형식 : 박스형 / 연장 : 391.0 m, 차로수 : 1",경기도 고양시
68,내곡지하차도,터널,지하차도,2종,공공,"형식 : 박스형 / 연장 : 126.0 m, 차로수 : 4",경기도 고양시
69,백마지하차도,터널,지하차도,2종,공공,"형식 : 박스형 / 연장 : 260.0 m, 차로수 : 4",경기도 고양시
70,법곳지하차도,터널,지하차도,2종,공공,"형식 : 박스형 / 연장 : 470.0 m, 차로수 : 6",경기도 고양시
71,벽제지하차도(문산),터널,지하차도,2종,민간,"형식 : 박스형 / 연장 : 160.0 m, 차로수 : 3",경기도 고양시
72,벽제지하차도(서울),터널,지하차도,2종,민간,"형식 : 박스형 / 연장 : 160.0 m, 차로수 : 3",경기도 고양시
73,서오릉지하차도,터널,지하차도,2종,공공,"형식 : 박스형 / 연장 : 388.0 m, 차로수 : 4",경기도 고양시
74,신원지하차도,터널,지하차도,2종,공공,"형식 : B-TYPE / 연장 : 466.0 m, 차로수 : 6",경기도 고양시
75,신평IC지하차도,터널,지하차도,2종,공공,"형식 : 박스형 / 연장 : 100.0 m, 차로수 : 6",경기도 고양시
76,원흥지하차도,터널,지하차도,2종,공공,"형식 : 박스형 / 연장 : 441.0 m, 차로수 : 4",경기도 고양시
77,일산지하차도,터널,지하차도,2종,공공,"형식 : 미등록 / 연장 : 350.0 m, 차로수 : 2",경기도 고양시
78,킨텍스 지하차도,터널,지하차도,2종,공공,"형식 : 박스형 / 연장 : 100.0 m, 차로수 : 9",경기도 고양시
79,풍산지하차도,터널,지하차도,2종,공공,"형식 : 박스형 / 연장 : 390.0 m, 차로수 : 4",경기도 고양시
80,한류월드IC지하차도,터널,지하차도,2종,공공,"형식 : 박스형 / 연장 : 100.0 m, 차로수 : 6",경기도 고양시
81,행신지하차도(본체 및 종점부),터널,지하차도,2종,공공,"형식 : 박스형 / 연장 : 290.0 m, 차로수 : 6",경기도 고양시
82,행신지하차도(시점부),터널,지하차도,2종,공공,"형식 : 미등록 / 연장 : 140.0 m, 차로수 : 6",경기도 고양시
83,관문지하차도,터널,지하차도,2종,공공,"형식 : 박스형 / 연장 : 140.0 m, 차로수 : 4",경기도 과천시
84,매헌지하차도,터널,지하차도,2종,공공,"형식 : 박스형 / 연장 : 401.0 m, 차로수 : 5",경기도 과천시
85,상아벌지하차도,터널,지하차도,2종,공공,"형식 : 박스형 / 연장 : 280.0 m, 차로수 : 5",경기도 과천시
86,옥탑지하차도,터널,지하차도,2종,공공,"형식 : 아치형 / 연장 : 106.0 m, 차로수 : 7",경기도 과천시
87,찬우물지하차도,터널,지하차도,2종,공공,"형식 : 박스형 / 연장 : 188.0 m, 차로수 : 2",경기도 과천시
88,광명지하차도,터널,지하차도,2종,공공,"형식 : 박스형 / 연장 : 330.0 m, 차로수 : 4",경기도 광명시
89,능촌지하차도,터널,지하차도,2종,공공,"형식 : 박스형 / 연장 : 430.0 m, 차로수 : 4",경기도 광명시
90,덕안터널,터널,지하차도,2종,공공,"형식 : 박스형 / 연장 : 366.6 m, 차로수 : 6",경기도 광명시
91,소하지하차도,터널,지하차도,2종,민간,"형식 : 박스형 / 연장 : 398.0 m, 차로수 : 4",경기도 광명시
92,하안지하차도,터널,지하차도,2종,공공,"형식 : 박스형 / 연장 : 115.0 m, 차로수 : 4",경기도 광명시
93,갈매지하차도,터널,지하차도,2종,공공,"형식 : 박스형 / 연장 : 475.0 m, 차로수 : 4",경기도 구리시
94,갈매지하차도,터널,지하차도,2종,민간,"형식 : 박스형 / 연장 : 100.0 m, 차로수 : 8",경기도 구리시
95,담터지하차도,터널,지하차도,2종,공공,"형식 : 박스형 / 연장 : 429.0 m, 차로수 : 4",경기도 구리시
96,당말지하차도,터널,지하차도,2종,공공,"형식 : 박스형 / 연장 : 148.0 m, 차로수 : 4",경기도 군포시
97,당정지하차도,터널,지하차도,2종,공공,"형식 : 박스형 / 연장 : 182.0 m, 차로수 : 4",경기도 군포시
98,대야지하차도,터널,지하차도,2종,공공,"형식 : 박스형 / 연장 : 101.3 m, 차로수 : 4",경기도 군포시
99,도랫말지하차도,터널,지하차도,2종,공공,"형식 : 박스형 / 연장 : 138.0 m, 차로수 : 4",경기도 군포시
100,나진지하차도,터널,지하차도,2종,공공,"형식 : 박스형 / 연장 : 366.0 m, 차로수 : 1",경기도 김포시
101,마송지하차도,터널,지하차도,2종,공공,"형식 : 박스형 / 연장 : 156.5 m, 차로수 : 4",경기도 김포시
102,운양2지하차도,터널,지하차도,2종,공공,"형식 : 2련box,라멘구조 / 연장 : 132.0 m, 차로수 : 6",경기도 김포시
103,덕송지하차도,터널,지하차도,2종,공공,"형식 : Box / 연장 : 400.0 m, 차로수 : 4",경기도 남양주시
104,돌팍지하차도,터널,지하차도,2종,공공,"형식 : 박스형 / 연장 : 160.0 m, 차로수 : 4",경기도 남양주시
105,동연평지하차도,터널,지하차도,2종,공공,"형식 : 박스형 / 연장 : 640.0 m, 차로수 : 4",경기도 남양주시
106,별내지하차도,터널,지하차도,2종,공공,"형식 : 박스형 / 연장 : 495.0 m, 차로수 : 4",경기도 남양주시
107,용신지하차도,터널,지하차도,2종,공공,"형식 : 박스형 / 연장 : 620.0 m, 차로수 : 4",경기도 남양주시
108,용정2교(지하차도),터널,지하차도,2종,공공,"형식 : 박스형 / 연장 : 100.0 m, 차로수 : 2",경기도 남양주시
109,호평지하차도,터널,지하차도,2종,공공,"형식 : 박스형 / 연장 : 240.0 m, 차로수 : 4",경기도 남양주시
110,화접지하차도,터널,지하차도,2종,공공,"형식 : 박스형 / 연장 : 560.0 m, 차로수 : 4",경기도 남양주시
111,고강지하차도,터널,지하차도,2종,공공,"형식 : 박스형 / 연장 : 490.0 m, 차로수 : 6",경기도 부천시
112,당아래지하차도,터널,지하차도,2종,공공,"형식 : 박스형 / 연장 : 140.0 m, 차로수 : 6",경기도 부천시
113,동남지하차도,터널,지하차도,2종,공공,"형식 : 박스형 / 연장 : 460.0 m, 차로수 : 4",경기도 부천시
114,상동지하차도,터널,지하차도,2종,공공,"형식 : 박스형 / 연장 : 235.3 m, 차로수 : 4",경기도 부천시
115,금곡IC지하차도,터널,지하차도,2종,공공,"형식 : 박스형 / 연장 : 170.0 m, 차로수 : 2",경기도 성남시
116,낙생지하차도,터널,지하차도,2종,공공,"형식 : 박스형 / 연장 : 120.0 m, 차로수 : 4",경기도 성남시
117,낙원지하차도,터널,지하차도,2종,공공,"형식 : 박스형 / 연장 : 225.0 m, 차로수 : 10",경기도 성남시
118,대원지하차도,터널,지하차도,2종,공공,"형식 : 박스형 / 연장 : 380.0 m, 차로수 : 4",경기도 성남시
119,도촌지하차도,터널,지하차도,2종,공공,"형식 : 2-Arch / 연장 : 100.0 m, 차로수 : 4",경기도 성남시
120,돌마지하차도,터널,지하차도,2종,공공,"형식 : 박스형 / 연장 : 117.0 m, 차로수 : 4",경기도 성남시
121,동막지하차도,터널,지하차도,2종,공공,"형식 : 박스형 / 연장 : 128.0 m, 차로수 : 2",경기도 성남시
122,두밀지하차도,터널,지하차도,2종,공공,"형식 : 박스형 / 연장 : 278.0 m, 차로수 : 4",경기도 성남시
123,매송지하차도,터널,지하차도,2종,공공,"형식 : 박스형 / 연장 : 101.0 m, 차로수 : 6",경기도 성남시
124,백현우회지하차도,터널,지하차도,2종,공공,"형식 : 박스형 / 연장 : 230.0 m, 차로수 : 2",경기도 성남시
125,사송지하차도,터널,지하차도,2종,공공,"형식 : 박스형 / 연장 : 150.0 m, 차로수 : 8",경기도 성남시
126,삼평지하차도,터널,지하차도,2종,공공,"형식 : 박스형 / 연장 : 250.0 m, 차로수 : 2",경기도 성남시
127,수내지하차도,터널,지하차도,2종,공공,"형식 : 박스형 / 연장 : 111.0 m, 차로수 : 4",경기도 성남시
128,시흥지하차도,터널,지하차도,2종,공공,"형식 : 박스형 / 연장 : 210.0 m, 차로수 : 6",경기도 성남시
129,여수지하차도,터널,지하차도,2종,민간,"형식 : 박스형 / 연장 : 121.0 m, 차로수 : 4",경기도 성남시
130,여수지하차도(상행),터널,지하차도,2종,공공,"형식 : RC BOX, RC U-TYPE / 연장 : 380.0 m, 차로수 : 3",경기도 성남시
131,여수지하차도(하행),터널,지하차도,2종,공공,"형식 : RC BOX, RC U-TYPE / 연장 : 380.0 m, 차로수 : 3",경기도 성남시
132,이매지하차도,터널,지하차도,2종,공공,"형식 : 박스형 / 연장 : 101.0 m, 차로수 : 6",경기도 성남시
133,정자지하차도,터널,지하차도,2종,공공,"형식 : 박스형 / 연장 : 477.5 m, 차로수 : 4",경기도 성남시
134,판교IC지하차도,터널,지하차도,2종,공공,"형식 : 박스형 / 연장 : 281.3 m, 차로수 : 2",경기도 성남시
135,하산운지하차도,터널,지하차도,2종,공공,"형식 : 박스형 / 연장 : 320.0 m, 차로수 : 6",경기도 성남시
136,하탑지하차도,터널,지하차도,2종,공공,"형식 : 박스형 / 연장 : 101.0 m, 차로수 : 6",경기도 성남시
137,광교중앙(아주대)역 환승센터 지하차도,터널,지하차도,2종,공공,"형식 : 박스형 / 연장 : 498.5 m, 차로수 : 4",경기도 수원시
138,권선지하차도,터널,지하차도,2종,공공,"형식 : 박스형 / 연장 : 498.0 m, 차로수 : 4",경기도 수원시
139,동수원IC 지하차도,터널,지하차도,2종,공공,"형식 : 박스형 / 연장 : 160.0 m, 차로수 : 4",경기도 수원시
140,동역 지하차도,터널,지하차도,2종,민간,"형식 : 박스형 / 연장 : 245.0 m, 차로수 : 6",경기도 수원시
141,매여울지하차도,터널,지하차도,2종,공공,"형식 : 박스형 / 연장 : 120.0 m, 차로수 : 4",경기도 수원시
142,밤밭지하차도,터널,지하차도,2종,공공,"형식 : 박스형 / 연장 : 100.0 m, 차로수 : 4",경기도 수원시
143,서둔지하차도,터널,지하차도,2종,공공,"형식 : 박스형 / 연장 : 305.0 m, 차로수 : 4",경기도 수원시
144,성대역지하차도,터널,지하차도,2종,공공,"형식 : 박스형 / 연장 : 120.0 m, 차로수 : 2",경기도 수원시
145,세평지하차도,터널,지하차도,2종,공공,"형식 : 박스형 / 연장 : 190.0 m, 차로수 : 4",경기도 수원시
146,신대 지하차도,터널,지하차도,2종,민간,"형식 : 박스형 / 연장 : 495.0 m, 차로수 : 6",경기도 수원시
147,여수내 지하차도,터널,지하차도,2종,민간,"형식 : 박스형 / 연장 : 255.0 m, 차로수 : 6",경기도 수원시
148,오목천지하차도,터널,지하차도,2종,공공,"형식 : 미등록 / 연장 : 430.0 m, 차로수 : 4",경기도 수원시
149,원천(원천교차로)지하차도,터널,지하차도,2종,공공,"형식 : 박스형 / 연장 : 465.0 m, 차로수 : 4",경기도 수원시
150,일월지하차도,터널,지하차도,2종,공공,"형식 : U-TYPE+BOX / 연장 : 495.0 m, 차로수 : 4",경기도 수원시
151,장안지하차도,터널,지하차도,2종,공공,"형식 : 박스형 / 연장 : 240.0 m, 차로수 : 4",경기도 수원시
152,정천지하차도,터널,지하차도,2종,공공,"형식 : 박스형 / 연장 : 150.2 m, 차로수 : 4",경기도 수원시
153,창룡문 지하차도,터널,지하차도,2종,공공,"형식 : 박스형 / 연장 : 482.0 m, 차로수 : 4",경기도 수원시
154,호곳말통로,터널,지하차도,2종,공공,"형식 : 박스형 / 연장 : 400.5 m, 차로수 : 6",경기도 수원시
155,호매실지하차도,터널,지하차도,2종,공공,"형식 : 박스형 / 연장 : 452.0 m, 차로수 : 4",경기도 수원시
156,화서지하차도,터널,지하차도,2종,공공,"형식 : 박스형 / 연장 : 256.0 m, 차로수 : 6",경기도 수원시
157,능골지하차도(상행),터널,지하차도,2종,공공,"형식 : 박스형 / 연장 : 110.0 m, 차로수 : 2",경기도 시흥시
158,능골지하차도(하행),터널,지하차도,2종,공공,"형식 : 박스형 / 연장 : 110.0 m, 차로수 : 2",경기도 시흥시
159,목감지하차도,터널,지하차도,2종,공공,"형식 : 직사각 / 연장 : 270.0 m, 차로수 : 4",경기도 시흥시
160,배곧지하차도,터널,지하차도,2종,공공,"형식 : 박스형 / 연장 : 120.0 m, 차로수 : 4",경기도 시흥시
161,연성지하차도(상행),터널,지하차도,2종,민간,"형식 : 박스형 / 연장 : 230.0 m, 차로수 : 3",경기도 시흥시
162,연성지하차도(하행),터널,지하차도,2종,민간,"형식 : 박스형 / 연장 : 230.0 m, 차로수 : 3",경기도 시흥시
163,정왕지하차도,터널,지하차도,2종,공공,"형식 : 박스형 / 연장 : 120.5 m, 차로수 : 5",경기도 시흥시
164,각골지하차도,터널,지하차도,2종,공공,"형식 : 박스형 / 연장 : 220.0 m, 차로수 : 2",경기도 안산시
165,별망지하차도,터널,지하차도,2종,공공,"형식 : 박스형 / 연장 : 150.0 m, 차로수 : 4",경기도 안산시
166,본오지하차도,터널,지하차도,2종,공공,"형식 : 박스형 / 연장 : 430.0 m, 차로수 : 4",경기도 안산시
167,수인선지하차도,터널,지하차도,2종,공공,"형식 : 박스형 / 연장 : 322.0 m, 차로수 : 4",경기도 안산시
168,신길지하차도,터널,지하차도,2종,공공,"형식 : 박스형 / 연장 : 176.0 m, 차로수 : 4",경기도 안산시
169,원곡지하차도,터널,지하차도,2종,공공,"형식 : 박스형 / 연장 : 165.0 m, 차로수 : 4",경기도 안산시
170,중앙지하차도,터널,지하차도,2종,공공,"형식 : 박스형 / 연장 : 240.0 m, 차로수 : 6",경기도 안산시
171,초지역지하차도,터널,지하차도,2종,공공,"형식 : 박스형 / 연장 : 200.0 m, 차로수 : 6",경기도 안산시
172,호수공원지하차도,터널,지하차도,2종,공공,"형식 : 박스형 / 연장 : 186.0 m, 차로수 : 4",경기도 안산시
173,안성복합유통시설(스타필드)지하차도,터널,지하차도,2종,공공,"형식 : 박스형 / 연장 : 558.0 m, 차로수 : 1",경기도 안성시
174,범계지하차도,터널,지하차도,2종,공공,"형식 : 박스형 / 연장 : 160.0 m, 차로수 : 4",경기도 안양시
175,비산지하차도,터널,지하차도,2종,공공,"형식 : 박스형 / 연장 : 240.0 m, 차로수 : 6",경기도 안양시
176,일번가 지하차도,터널,지하차도,2종,공공,"형식 : 박스형 / 연장 : 177.0 m, 차로수 : 2",경기도 안양시
177,호계지하차도,터널,지하차도,2종,공공,"형식 : 박스형 / 연장 : 250.0 m, 차로수 : 4",경기도 안양시
178,김삿갓지하차도,터널,지하차도,2종,공공,"형식 : 박스형 / 연장 : 243.0 m, 차로수 : 4",경기도 양주시
179,옥정지하차도,터널,지하차도,2종,공공,"형식 : 박스형 / 연장 : 481.0 m, 차로수 : 4",경기도 양주시
180,물향기지하차도,터널,지하차도,2종,공공,"형식 : 박스형 / 연장 : 170.0 m, 차로수 : 4",경기도 오산시
181,병점차량기지(서동탄역) 지하차도,터널,지하차도,2종,공공,"형식 : 미등록 / 연장 : 280.0 m, 차로수 : 2",경기도 오산시
182,세교지하차도,터널,지하차도,2종,민간,"형식 : 박스형 / 연장 : 100.0 m, 차로수 : 4",경기도 오산시
183,세마지하차도,터널,지하차도,2종,공공,"형식 : 박스형 / 연장 : 160.0 m, 차로수 : 4",경기도 오산시
184,강남대지하차도,터널,지하차도,2종,공공,"형식 : 박스형 / 연장 : 140.0 m, 차로수 : 5",경기도 용인시
185,공세지하차도,터널,지하차도,2종,공공,"형식 : 박스형 / 연장 : 220.0 m, 차로수 : 2",경기도 용인시
186,금광 지하차도,터널,지하차도,2종,민간,"형식 : 박스형 / 연장 : 465.0 m, 차로수 : 6",경기도 용인시
187,동백지하차도(지하차도 #1),터널,지하차도,2종,공공,"형식 : 박스형 / 연장 : 130.0 m, 차로수 : 4",경기도 용인시
188,삼막곡 제1지하차도,터널,지하차도,2종,공공,"형식 : 박스형 / 연장 : 455.0 m, 차로수 : 6",경기도 용인시
189,서천지하차도,터널,지하차도,2종,공공,"형식 : 박스형 / 연장 : 372.0 m, 차로수 : 4",경기도 용인시
190,성복지하차도,터널,지하차도,2종,공공,"형식 : 박스형 / 연장 : 367.0 m, 차로수 : 4",경기도 용인시
191,성산지하차도(지하차도#3),터널,지하차도,2종,공공,"형식 : 박스형 / 연장 : 410.0 m, 차로수 : 2",경기도 용인시
192,수성지하차도(지하차도 #2),터널,지하차도,2종,공공,"형식 : 박스형 / 연장 : 170.0 m, 차로수 : 4",경기도 용인시
193,신일지하차도,터널,지하차도,2종,공공,"형식 : 박스형 / 연장 : 230.0 m, 차로수 : 6",경기도 용인시
194,은목지하차도(지하차도#4),터널,지하차도,2종,공공,"형식 : 박스형 / 연장 : 170.0 m, 차로수 : 4",경기도 용인시
195,초당지하차도(지하차도#5),터널,지하차도,2종,공공,"형식 : 박스형 / 연장 : 170.0 m, 차로수 : 4",경기도 용인시
196,하동IC램프2,터널,지하차도,2종,공공,"형식 : 박스형 / 연장 : 102.0 m, 차로수 : 2",경기도 용인시
197,화운사생태터널,터널,지하차도,2종,민간,"형식 : 파형강판 / 연장 : 310.0 m, 차로수 : 4",경기도 용인시
198,흥덕지하차도,터널,지하차도,2종,공공,"형식 : 박스형 / 연장 : 388.2 m, 차로수 : 2",경기도 용인시
199,고천지하차도,터널,지하차도,2종,공공,"형식 : 박스형 / 연장 : 495.0 m, 차로수 : 4",경기도 의왕시
200,경민지하차도B,터널,지하차도,2종,공공,"형식 : 박스형 / 연장 : 150.0 m, 차로수 : 4",경기도 의정부시
201,금신 지하차도,터널,지하차도,2종,공공,"형식 : 박스형 / 연장 : 460.0 m, 차로수 : 4",경기도 의정부시
202,민락지하차도,터널,지하차도,2종,공공,"형식 : 박스형 / 연장 : 460.0 m, 차로수 : 4",경기도 의정부시
203,사패터널BOX,터널,지하차도,2종,공공,"형식 : 박스형 / 연장 : 109.0 m, 차로수 : 6",경기도 의정부시
204,신곡지하차도,터널,지하차도,2종,공공,"형식 : 박스형 / 연장 : 190.0 m, 차로수 : 4",경기도 의정부시
205,용현지하차도(상),터널,지하차도,2종,공공,"형식 : 미등록 / 연장 : 320.0 m, 차로수 : 3",경기도 의정부시
206,용현지하차도(하),터널,지하차도,2종,공공,"형식 : 미등록 / 연장 : 320.0 m, 차로수 : 3",경기도 의정부시
207,의정부역지하차도,터널,지하차도,2종,공공,"형식 : 박스형 / 연장 : 158.6 m, 차로수 : 4",경기도 의정부시
208,자금지하차도(구리),터널,지하차도,2종,민간,"형식 : 1련 암거 2개소 (15.8x5.45M) / 연장 : 180.0 m, 차로수 : 3",경기도 의정부시
209,자금지하차도(포천),터널,지하차도,2종,민간,"형식 : 1련 암거 2개소 (15.8x5.45M) / 연장 : 180.0 m, 차로수 : 3",경기도 의정부시
210,교하지하차도,터널,지하차도,2종,공공,"형식 : 박스형 / 연장 : 164.0 m, 차로수 : 4",경기도 파주시
211,동패지하차도,터널,지하차도,2종,공공,"형식 : 라멘형 / 연장 : 180.0 m, 차로수 : 4",경기도 파주시
212,산내지하차도,터널,지하차도,2종,공공,"형식 : 박스형 / 연장 : 210.0 m, 차로수 : 4",경기도 파주시
213,심학산 지하차도,터널,지하차도,2종,공공,"형식 : 박스형 / 연장 : 225.0 m, 차로수 : 6",경기도 파주시
214,야당지하차도(명칭변경:기왓돌지하차도),터널,지하차도,2종,공공,"형식 : 라멘형 / 연장 : 165.0 m, 차로수 : 6",경기도 파주시
215,와동지하차도,터널,지하차도,2종,공공,"형식 : 박스형 / 연장 : 535.0 m, 차로수 : 4",경기도 파주시
216,운정지하차도(명칭변경:한빛지하차도),터널,지하차도,2종,공공,"형식 : 라멘형 / 연장 : 495.0 m, 차로수 : 4",경기도 파주시
217,책향기 지하차도,터널,지하차도,2종,공공,"형식 : 박스형 / 연장 : 203.0 m, 차로수 : 6",경기도 파주시
218,탑골지하차도,터널,지하차도,2종,공공,"형식 : 박스형 / 연장 : 225.0 m, 차로수 : 6",경기도 파주시
219,고덕지하차도,터널,지하차도,2종,공공,"형식 : 박스형 / 연장 : 140.0 m, 차로수 : 6",경기도 평택시
220,세교지하차도,터널,지하차도,2종,공공,"형식 : U-TYPE+BOX-TYPE / 연장 : 380.0 m, 차로수 : 4",경기도 평택시
221,이충지하차도,터널,지하차도,2종,공공,"형식 : 박스형 / 연장 : 410.0 m, 차로수 : 4",경기도 평택시
222,이가팔지하차도,터널,지하차도,2종,민간,"형식 : 미등록 / 연장 : 360.0 m, 차로수 : 4",경기도 포천시
223,미사교차로 지하차도,터널,지하차도,2종,공공,"형식 : 박스형 / 연장 : 156.0 m, 차로수 : 4",경기도 하남시
224,미사지하차도,터널,지하차도,2종,민간,"형식 : 박스형 / 연장 : 123.0 m, 차로수 : 3",경기도 하남시
225,신풍지하차도,터널,지하차도,2종,공공,"형식 : 박스형 / 연장 : 120.0 m, 차로수 : 4",경기도 하남시
226,조정경기장 입구교차로 지하차도,터널,지하차도,2종,공공,"형식 : 박스형 / 연장 : 166.0 m, 차로수 : 4",경기도 하남시
227,하남풍산 진등지하차도,터널,지하차도,2종,공공,"형식 : 박스형 / 연장 : 110.0 m, 차로수 : 4",경기도 하남시
228,RAMP-C지하차도,터널,지하차도,2종,공공,"형식 : 박스형 / 연장 : 148.1 m, 차로수 : 1",경기도 화성시
229,금곡지하차도,터널,지하차도,2종,공공,"형식 : 박스형 / 연장 : 127.0 m, 차로수 : 4",경기도 화성시
230,남양지하차도,터널,지하차도,2종,공공,"형식 : 박스형 / 연장 : 180.0 m, 차로수 : 4",경기도 화성시
231,동부대로5(동탄산단1)지하차도,터널,지하차도,2종,공공,"형식 : 2련 BOX / 연장 : 585.0 m, 차로수 : 4",경기도 화성시
232,동부대로6(동탄산단2)지하차도,터널,지하차도,2종,공공,"형식 : 2련 BOX / 연장 : 219.0 m, 차로수 : 4",경기도 화성시
233,문호지하차도,터널,지하차도,2종,공공,"형식 : 박스형 / 연장 : 180.0 m, 차로수 : 4",경기도 화성시
234,병점지하차도,터널,지하차도,2종,공공,"형식 : 라멘형 / 연장 : 382.0 m, 차로수 : 4",경기도 화성시
235,산척지하차도,터널,지하차도,2종,공공,"형식 : R.C BOX / 연장 : 171.0 m, 차로수 : 7",경기도 화성시
236,상신지하차도,터널,지하차도,2종,공공,"형식 : 박스형 / 연장 : 340.0 m, 차로수 : 4",경기도 화성시
237,송동지하차도,터널,지하차도,2종,공공,"형식 : 박스형 / 연장 : 295.0 m, 차로수 : 6",경기도 화성시
238,수영리지하차도,터널,지하차도,2종,공공,"형식 : 박스형 / 연장 : 160.0 m, 차로수 : 4",경기도 화성시
239,숙곡지하차도,터널,지하차도,2종,공공,"형식 : 박스형 / 연장 : 260.0 m, 차로수 : 4",경기도 화성시
240,신리지하차도,터널,지하차도,2종,공공,"형식 : R.C BOX / 연장 : 124.0 m, 차로수 : 4",경기도 화성시
241,영내지하차도,터널,지하차도,2종,공공,"형식 : 박스형 / 연장 : 396.0 m, 차로수 : 6",경기도 화성시
242,오름 지하차도,터널,지하차도,2종,공공,"형식 : 박스형 / 연장 : 160.0 m, 차로수 : 4",경기도 화성시
243,잎새 지하차도,터널,지하차도,2종,공공,"형식 : 박스형 / 연장 : 232.0 m, 차로수 : 6",경기도 화성시
244,장지교차로지하차도,터널,지하차도,2종,공공,"형식 : R.C BOX / 연장 : 160.0 m, 차로수 : 4",경기도 화성시
245,장지지하차도,터널,지하차도,2종,공공,"형식 : U-Type, Box-type / 연장 : 480.0 m, 차로수 : 4",경기도 화성시
246,중동지하차도,터널,지하차도,2종,공공,"형식 : 박스형 / 연장 : 440.0 m, 차로수 : 4",경기도 화성시
247,진안 RAMP-A 지하차도,터널,지하차도,2종,공공,"형식 : 박스형 / 연장 : 360.0 m, 차로수 : 1",경기도 화성시
248,진안2지하차도,터널,지하차도,2종,공공,"형식 : 박스형 / 연장 : 148.4 m, 차로수 : 8",경기도 화성시
249,진안3지하차도,터널,지하차도,2종,공공,"형식 : 박스형 / 연장 : 140.0 m, 차로수 : 6",경기도 화성시
250,천천지하차도,터널,지하차도,2종,공공,"형식 : 미등록 / 연장 : 235.0 m, 차로수 : 4",경기도 화성시
251,청계지하차도,터널,지하차도,2종,공공,"형식 : 박스형 / 연장 : 416.0 m, 차로수 : 4",경기도 화성시
252,태안(안녕)지하차도,터널,지하차도,2종,공공,"형식 : 박스형 / 연장 : 460.0 m, 차로수 : 4",경기도 화성시
253,태안지하차도,터널,지하차도,2종,공공,"형식 : 박스형 / 연장 : 300.0 m, 차로수 : 4",경기도 화성시
254,풀잎 지하차도,터널,지하차도,2종,공공,"형식 : 박스형 / 연장 : 190.4 m, 차로수 : 6",경기도 화성시
255,하길 제2지하차도,터널,지하차도,2종,공공,"형식 : U-Type / 연장 : 495.0 m, 차로수 : 4",경기도 화성시
256,환승센터지하차도,터널,지하차도,2종,공공,"형식 : 박스형 / 연장 : 105.0 m, 차로수 : 2",경기도 화성시
257,아양지하차도,터널,지하차도,2종,공공,"형식 : 박스형 / 연장 : 380.0 m, 차로수 : 2",경상남도 거제시
258,대청지하차도,터널,지하차도,2종,공공,"형식 : 박스형 / 연장 : 590.0 m, 차로수 : 6",경상남도 김해시
259,동김해지하차도,터널,지하차도,2종,공공,"형식 : 박스형 / 연장 : 554.4 m, 차로수 : 4",경상남도 김해시
260,무계지하차도,터널,지하차도,2종,공공,"형식 : 박스형 / 연장 : 1,043.0 m, 차로수 : 4",경상남도 김해시
261,불암지하차도,터널,지하차도,2종,공공,"형식 : 박스형 / 연장 : 360.0 m, 차로수 : 4",경상남도 김해시
262,남해지하차도,터널,지하차도,2종,공공,"형식 : 박스형 / 연장 : 120.0 m, 차로수 : 4",경상남도 남해군
263,남부지하차도,터널,지하차도,2종,공공,"형식 : 라멘형 / 연장 : 460.0 m, 차로수 : 4",경상남도 양산시
264,다방지하차도,터널,지하차도,2종,공공,"형식 : 라멘형 / 연장 : 365.0 m, 차로수 : 4",경상남도 양산시
265,범어지하차도,터널,지하차도,2종,공공,"형식 : 박스형 / 연장 : 190.0 m, 차로수 : 4",경상남도 양산시
266,석산지하차도,터널,지하차도,2종,공공,"형식 : 박스형 / 연장 : 175.0 m, 차로수 : 4",경상남도 양산시
267,양주지하차도,터널,지하차도,2종,공공,"형식 : 라멘형 / 연장 : 440.0 m, 차로수 : 4",경상남도 양산시
268,오봉지하차도(양산물금지하차도6호),터널,지하차도,2종,공공,"형식 : 박스형 / 연장 : 355.0 m, 차로수 : 4",경상남도 양산시
269,증산역지하차도,터널,지하차도,2종,공공,"형식 : 박스형 / 연장 : 125.0 m, 차로수 : 4",경상남도 양산시
270,남산지하차도,터널,지하차도,2종,민간,"형식 : 파형강판 SS590 / 연장 : 122.0 m, 차로수 : 4",경상남도 창원시
271,덕산지하차도,터널,지하차도,2종,공공,"형식 : 박스형 / 연장 : 201.0 m, 차로수 : 2",경상남도 창원시
272,명곡지하차도,터널,지하차도,2종,공공,"형식 : 박스형 / 연장 : 229.0 m, 차로수 : 4",경상남도 창원시
273,삼동지하차도,터널,지하차도,2종,공공,"형식 : 박스형 / 연장 : 250.0 m, 차로수 : 4",경상남도 창원시
274,성주지하차도,터널,지하차도,2종,공공,"형식 : 박스형 / 연장 : 180.0 m, 차로수 : 4",경상남도 창원시
275,소계1지하차도,터널,지하차도,2종,공공,"형식 : 박스형 / 연장 : 116.0 m, 차로수 : 4",경상남도 창원시
276,용원지하차도,터널,지하차도,2종,공공,"형식 : 박스형 / 연장 : 250.0 m, 차로수 : 4",경상남도 창원시
277,토월지하차도,터널,지하차도,2종,공공,"형식 : 박스형 / 연장 : 160.0 m, 차로수 : 4",경상남도 창원시
278,구미국가산업단지 제4단지 옥계지하차도,터널,지하차도,2종,공공,"형식 : 박스형 / 연장 : 226.0 m, 차로수 : 4",경상북도 구미시
279,혁신지하차도2,터널,지하차도,2종,공공,"형식 : 박스형 / 연장 : 150.0 m, 차로수 : 4",경상북도 김천시
280,돈달지하도,터널,지하차도,2종,공공,"형식 : 박스형 / 연장 : 110.0 m, 차로수 : 2",경상북도 문경시
281,성주지하차도,터널,지하차도,2종,공공,"형식 : 박스형 / 연장 : 390.0 m, 차로수 : 4",경상북도 성주군
282,나무고개지하차도,터널,지하차도,2종,공공,"형식 : U-TYPE+BOX TYPE / 연장 : 120.0 m, 차로수 : 4",경상북도 영주시
283,산정1지하차도,터널,지하차도,2종,공공,"형식 : 라멘형 / 연장 : 206.0 m, 차로수 : 4",광주광역시 광산구
284,산정제1 지하차도,터널,지하차도,2종,공공,"형식 : 박스형 / 연장 : 170.7 m, 차로수 : 4",광주광역시 광산구
285,선운지하차도,터널,지하차도,2종,공공,"형식 : 미등록 / 연장 : 120.0 m, 차로수 : 6",광주광역시 광산구
286,송정공원역 지하차도,터널,지하차도,2종,공공,"형식 : 박스형 / 연장 : 185.0 m, 차로수 : 2",광주광역시 광산구
287,수완지하차도,터널,지하차도,2종,공공,"형식 : 박스형 / 연장 : 240.0 m, 차로수 : 6",광주광역시 광산구
288,신가지하차도,터널,지하차도,2종,민간,"형식 : 박스형 / 연장 : 445.5 m, 차로수 : 6",광주광역시 광산구
289,신덕지하차도,터널,지하차도,2종,공공,"형식 : 라멘형 / 연장 : 111.4 m, 차로수 : 4",광주광역시 광산구
290,장수제1 지하차도,터널,지하차도,2종,공공,"형식 : 박스형 / 연장 : 448.0 m, 차로수 : 6",광주광역시 광산구
291,효덕지하차도,터널,지하차도,2종,공공,"형식 : 박스형 / 연장 : 180.0 m, 차로수 : 4",광주광역시 남구
292,효천 지하차도,터널,지하차도,2종,공공,"형식 : 박스형 / 연장 : 115.0 m, 차로수 : 4",광주광역시 남구
293,신용지하차도,터널,지하차도,2종,공공,"형식 : 박스형 / 연장 : 160.0 m, 차로수 : 4",광주광역시 북구
294,연제지하차도,터널,지하차도,2종,공공,"형식 : 박스형 / 연장 : 120.0 m, 차로수 : 4",광주광역시 북구
295,월출지하차도,터널,지하차도,2종,공공,"형식 : 박스형 / 연장 : 164.0 m, 차로수 : 4",광주광역시 북구
296,쌍계지하차도,터널,지하차도,2종,공공,"형식 : 박스형 / 연장 : 101.0 m, 차로수 : 4",대구광역시 달성군
297,옥포지하차도,터널,지하차도,2종,공공,"형식 : 박스형 / 연장 : 425.0 m, 차로수 : 4",대구광역시 달성군
298,봉무지하차도,터널,지하차도,2종,공공,"형식 : 박스형 / 연장 : 240.0 m, 차로수 : 4",대구광역시 동구
299,불로지하차도,터널,지하차도,2종,공공,"형식 : 박스형 / 연장 : 160.0 m, 차로수 : 4",대구광역시 동구
300,경대교지하차도,터널,지하차도,2종,공공,"형식 : 박스형 / 연장 : 105.0 m, 차로수 : 4",대구광역시 북구
301,매천시장지하차도,터널,지하차도,2종,공공,"형식 : 박스형 / 연장 : 105.0 m, 차로수 : 4",대구광역시 북구
302,칠곡지하차도,터널,지하차도,2종,공공,"형식 : 박스형 / 연장 : 110.0 m, 차로수 : 4",대구광역시 북구
303,침산교지하차도,터널,지하차도,2종,공공,"형식 : 박스형 / 연장 : 160.0 m, 차로수 : 4",대구광역시 북구
304,팔달교지하차도,터널,지하차도,2종,공공,"형식 : 박스형 / 연장 : 110.0 m, 차로수 : 4",대구광역시 서구
305,연호지하차도,터널,지하차도,2종,민간,"형식 : 박스형 / 연장 : 200.0 m, 차로수 : 6",대구광역시 수성구
306,월드컵지하차도,터널,지하차도,2종,공공,"형식 : 박스형 / 연장 : 1,370.0 m, 차로수 : 6",대구광역시 수성구
307,수성교지하차도,터널,지하차도,2종,공공,"형식 : 박스형 / 연장 : 460.0 m, 차로수 : 4",대구광역시 중구
308,대동지하차도,터널,지하차도,2종,공공,"형식 : 박스형 / 연장 : 186.0 m, 차로수 : 4",대전광역시 동구
309,대전역지하차도,터널,지하차도,2종,공공,"형식 : 박스형 / 연장 : 345.2 m, 차로수 : 6",대전광역시 동구
310,성남지하차도,터널,지하차도,2종,공공,"형식 : 박스형 / 연장 : 112.0 m, 차로수 : 4",대전광역시 동구
311,정동지하차도,터널,지하차도,2종,공공,"형식 : 박스형 / 연장 : 140.0 m, 차로수 : 4",대전광역시 동구
312,판암지하차도,터널,지하차도,2종,공공,"형식 : 박스형 / 연장 : 125.0 m, 차로수 : 4",대전광역시 동구
313,현암 지하차도,터널,지하차도,2종,공공,"형식 : 박스형 / 연장 : 105.0 m, 차로수 : 2",대전광역시 동구
314,홍도지하차도,터널,지하차도,2종,공공,"형식 : 박스형 / 연장 : 493.0 m, 차로수 : 8",대전광역시 동구
315,갈마지하차도,터널,지하차도,2종,공공,"형식 : 라멘형 / 연장 : 260.0 m, 차로수 : 6",대전광역시 서구
316,갑천지하차도,터널,지하차도,2종,공공,"형식 : 라멘형 / 연장 : 142.0 m, 차로수 : 4",대전광역시 서구
317,계룡로 지하차도,터널,지하차도,2종,공공,"형식 : 박스형 / 연장 : 472.0 m, 차로수 : 6",대전광역시 서구
318,관저지하차도,터널,지하차도,2종,공공,"형식 : 라멘형 / 연장 : 160.0 m, 차로수 : 6",대전광역시 서구
319,도마지하차도,터널,지하차도,2종,공공,"형식 : 박스형 / 연장 : 135.0 m, 차로수 : 2",대전광역시 서구
320,둔산지하차도,터널,지하차도,2종,공공,"형식 : 라멘형 / 연장 : 244.0 m, 차로수 : 4",대전광역시 서구
321,만년지하차도,터널,지하차도,2종,공공,"형식 : 미등록 / 연장 : 120.0 m, 차로수 : 4",대전광역시 서구
322,문예지하차도,터널,지하차도,2종,공공,"형식 : 라멘형 / 연장 : 174.0 m, 차로수 : 4",대전광역시 서구
323,삼천지하차도,터널,지하차도,2종,공공,"형식 : 라멘형 / 연장 : 270.0 m, 차로수 : 4",대전광역시 서구
324,오량지하차도,터널,지하차도,2종,공공,"형식 : 박스형 / 연장 : 155.0 m, 차로수 : 4",대전광역시 서구
325,정부청사 지하차도,터널,지하차도,2종,공공,"형식 : 라멘형 / 연장 : 124.0 m, 차로수 : 4",대전광역시 서구
326,탄방지하차도,터널,지하차도,2종,공공,"형식 : 라멘형 / 연장 : 123.0 m, 차로수 : 6",대전광역시 서구
327,한밭지하차도,터널,지하차도,2종,공공,"형식 : 라멘형 / 연장 : 283.0 m, 차로수 : 6",대전광역시 서구
328,과학공원지하차도,터널,지하차도,2종,공공,"형식 : 박스형 / 연장 : 200.0 m, 차로수 : 2",대전광역시 유성구
329,노은지하차도,터널,지하차도,2종,공공,"형식 : 미등록 / 연장 : 105.0 m, 차로수 : 6",대전광역시 유성구
330,도안지하차도,터널,지하차도,2종,공공,"형식 : 박스형 / 연장 : 130.0 m, 차로수 : 6",대전광역시 유성구
331,상대지하차도,터널,지하차도,2종,공공,"형식 : 박스형 / 연장 : 125.0 m, 차로수 : 6",대전광역시 유성구
332,옥녀봉 지하차도,터널,지하차도,2종,공공,"형식 : 박스형 / 연장 : 120.0 m, 차로수 : 6",대전광역시 유성구
333,월드컵지하차도,터널,지하차도,2종,공공,"형식 : 박스형 / 연장 : 135.0 m, 차로수 : 6",대전광역시 유성구
334,유성지하차도,터널,지하차도,2종,공공,"형식 : 박스형 / 연장 : 110.0 m, 차로수 : 6",대전광역시 유성구
335,진터지하차도,터널,지하차도,2종,공공,"형식 : 박스형 / 연장 : 130.0 m, 차로수 : 6",대전광역시 유성구
336,중촌지하차도,터널,지하차도,2종,공공,"형식 : 박스형 / 연장 : 410.0 m, 차로수 : 4",대전광역시 중구
337,금호지하차도,터널,지하차도,2종,공공,"형식 : 박스형 / 연장 : 120.0 m, 차로수 : 6",부산광역시 강서구
338,대상지하차도,터널,지하차도,2종,공공,"형식 : 박스형 / 연장 : 130.0 m, 차로수 : 4",부산광역시 강서구
339,명지동진 지하차도,터널,지하차도,2종,공공,"형식 : 박스형 / 연장 : 160.0 m, 차로수 : 4",부산광역시 강서구
340,구서 지하차도,터널,지하차도,2종,공공,"형식 : 박스형 / 연장 : 140.0 m, 차로수 : 4",부산광역시 금정구
341,장전지하차도,터널,지하차도,2종,공공,"형식 : 박스형 / 연장 : 220.0 m, 차로수 : 4",부산광역시 금정구
342,삼성1 지하차도,터널,지하차도,2종,공공,"형식 : 박스형 / 연장 : 368.0 m, 차로수 : 4",부산광역시 기장군
343,대남 지하차도,터널,지하차도,2종,공공,"형식 : 박스형 / 연장 : 125.0 m, 차로수 : 4",부산광역시 남구
344,초량 제1지하차도,터널,지하차도,2종,공공,"형식 : 박스형 / 연장 : 165.0 m, 차로수 : ",부산광역시 동구
345,초량 제2지하차도,터널,지하차도,2종,공공,"형식 : 박스형 / 연장 : 175.0 m, 차로수 : ",부산광역시 동구
346,내성 지하차도,터널,지하차도,2종,공공,"형식 : 박스형 / 연장 : 185.0 m, 차로수 : 4",부산광역시 동래구
347,안락 지하차도,터널,지하차도,2종,공공,"형식 : 미등록 / 연장 : 200.0 m, 차로수 : 4",부산광역시 동래구
348,우장춘 지하차도,터널,지하차도,2종,공공,"형식 : 박스형 / 연장 : 244.0 m, 차로수 : 4",부산광역시 동래구
349,가야감고개공원 복개구조물,터널,지하차도,2종,공공,"형식 : 2경간 거더교 / 연장 : 105.0 m, 차로수 : 4",부산광역시 부산진구
350,문전지하차도,터널,지하차도,2종,공공,"형식 : U-TYPE, BOX-TYPE / 연장 : 436.0 m, 차로수 : 2",부산광역시 부산진구
351,범천지하차도,터널,지하차도,2종,공공,"형식 : 박스형 / 연장 : 215.0 m, 차로수 : 4",부산광역시 부산진구
352,와석지하차도,터널,지하차도,2종,공공,"형식 : 박스형 / 연장 : 480.0 m, 차로수 : 4",부산광역시 북구
353,주례지하차도,터널,지하차도,2종,공공,"형식 : 박스형 / 연장 : 123.0 m, 차로수 : 1",부산광역시 사상구
354,수영강변 지하차도,터널,지하차도,2종,공공,"형식 : 박스형 / 연장 : 400.0 m, 차로수 : 4",부산광역시 해운대구
355,우동 지하차도,터널,지하차도,2종,공공,"형식 : 박스형 / 연장 : 145.5 m, 차로수 : 6",부산광역시 해운대구
356,좌동 지하차도,터널,지하차도,2종,공공,"형식 : 박스형 / 연장 : 265.0 m, 차로수 : 4",부산광역시 해운대구
357,개포지하차도,터널,지하차도,2종,공공,"형식 : 미등록 / 연장 : 160.0 m, 차로수 : 4",서울특별시 강남구
358,구룡지하차도,터널,지하차도,2종,공공,"형식 : 박스형 / 연장 : 380.0 m, 차로수 : 4",서울특별시 강남구
359,대치지하차도,터널,지하차도,2종,공공,"형식 : 미등록 / 연장 : 155.0 m, 차로수 : 2",서울특별시 강남구
360,일원지하차도,터널,지하차도,2종,공공,"형식 : 미등록 / 연장 : 160.0 m, 차로수 : 6",서울특별시 강남구
361,천호지하차도,터널,지하차도,2종,공공,"형식 : 미등록 / 연장 : 100.0 m, 차로수 : 4",서울특별시 강동구
362,황산지하차도,터널,지하차도,2종,공공,"형식 : 박스형 / 연장 : 407.0 m, 차로수 : 4",서울특별시 강동구
363,가양지하차도,터널,지하차도,2종,공공,"형식 : 박스형 / 연장 : 135.0 m, 차로수 : 1",서울특별시 강서구
364,공항입구지하차도,터널,지하차도,2종,공공,"형식 : 박스형 / 연장 : 100.0 m, 차로수 : 4",서울특별시 강서구
365,염창지하차도,터널,지하차도,2종,공공,"형식 : 박스형 / 연장 : 179.0 m, 차로수 : 1",서울특별시 강서구
366,도림천 지하차도(성산방향),터널,지하차도,2종,민간,"형식 : 박스형 / 연장 : 108.0 m, 차로수 : 3",서울특별시 관악구
367,도림천 지하차도(수서방향),터널,지하차도,2종,민간,"형식 : 박스형 / 연장 : 106.0 m, 차로수 : 3",서울특별시 관악구
368,광나루지하차도,터널,지하차도,2종,공공,"형식 : 박스형 / 연장 : 455.0 m, 차로수 : 1",서울특별시 광진구
369,아차산 지하차도,터널,지하차도,2종,공공,"형식 : 아치형 / 연장 : 260.0 m, 차로수 : 10",서울특별시 광진구
370,가마산지하차도,터널,지하차도,2종,공공,"형식 : 박스형 / 연장 : 420.0 m, 차로수 : 4",서울특별시 구로구
371,개봉지하차도,터널,지하차도,2종,공공,"형식 : 박스형 / 연장 : 355.0 m, 차로수 : 4",서울특별시 구로구
372,구로지하차도,터널,지하차도,2종,공공,"형식 : 박스형 / 연장 : 370.0 m, 차로수 : 4",서울특별시 구로구
373,신도림지하차도,터널,지하차도,2종,공공,"형식 : 박스형 / 연장 : 260.0 m, 차로수 : 6",서울특별시 구로구
374,공릉지하차도,터널,지하차도,2종,공공,"형식 : 라멘형 / 연장 : 192.0 m, 차로수 : 2",서울특별시 노원구
375,초안산 지하차도,터널,지하차도,2종,공공,"형식 : 박스형 / 연장 : 402.0 m, 차로수 : 3",서울특별시 노원구
376,하계지하차도,터널,지하차도,2종,공공,"형식 : 박스형 / 연장 : 348.0 m, 차로수 : 4",서울특별시 노원구
377,가인지하차도,터널,지하차도,2종,공공,"형식 : 박스형 / 연장 : 315.0 m, 차로수 : 2",서울특별시 도봉구
378,녹천지하차도,터널,지하차도,2종,공공,"형식 : 박스형 / 연장 : 307.0 m, 차로수 : 4",서울특별시 도봉구
379,창동지하차도,터널,지하차도,2종,공공,"형식 : 박스형 / 연장 : 140.0 m, 차로수 : 4",서울특별시 도봉구
380,동부지하차도,터널,지하차도,2종,공공,"형식 : 박스형 / 연장 : 174.0 m, 차로수 : 4",서울특별시 동대문구
381,신답지하차도,터널,지하차도,2종,공공,"형식 : 박스형 / 연장 : 128.0 m, 차로수 : 4",서울특별시 동대문구
382,장안교 지하차도,터널,지하차도,2종,공공,"형식 : 박스형 / 연장 : 100.0 m, 차로수 : 4",서울특별시 동대문구
383,모래내지하차도,터널,지하차도,2종,공공,"형식 : 박스형 / 연장 : 146.0 m, 차로수 : 2",서울특별시 마포구
384,성산지하차도,터널,지하차도,2종,공공,"형식 : 박스형 / 연장 : 110.0 m, 차로수 : 3",서울특별시 마포구
385,잠두봉지하차도,터널,지하차도,2종,공공,"형식 : 박스형 / 연장 : 365.0 m, 차로수 : 4",서울특별시 마포구
386,구반포지하차도,터널,지하차도,2종,공공,"형식 : 박스형 / 연장 : 187.0 m, 차로수 : 2",서울특별시 서초구
387,사평지하차도,터널,지하차도,2종,공공,"형식 : 라멘형 / 연장 : 150.0 m, 차로수 : 4",서울특별시 서초구
388,선암지하차도,터널,지하차도,2종,공공,"형식 : BOX-TYPE,U-TYPE / 연장 : 425.0 m, 차로수 : 2",서울특별시 서초구
389,신원지하차도,터널,지하차도,2종,공공,"형식 : BOX형+UType+램프1개소 / 연장 : 341.0 m, 차로수 : 5",서울특별시 서초구
390,양재지하차도,터널,지하차도,2종,공공,"형식 : 미등록 / 연장 : 180.0 m, 차로수 : 4",서울특별시 서초구
391,염곡동서지하차도,터널,지하차도,2종,공공,"형식 : 박스형 / 연장 : 210.0 m, 차로수 : 4",서울특별시 서초구
392,염곡지하차도,터널,지하차도,2종,공공,"형식 : 라멘형 / 연장 : 180.0 m, 차로수 : 6",서울특별시 서초구
393,청계산지하차도,터널,지하차도,2종,공공,"형식 : BOX+U-Type / 연장 : 121.0 m, 차로수 : 5",서울특별시 서초구
394,서울숲1지하차도,터널,지하차도,2종,공공,"형식 : 박스형 / 연장 : 198.0 m, 차로수 : 2",서울특별시 성동구
395,서울숲2지하차도,터널,지하차도,2종,공공,"형식 : 박스형 / 연장 : 200.0 m, 차로수 : 1",서울특별시 성동구
396,성수대교북단지하차도,터널,지하차도,2종,공공,"형식 : 박스형 / 연장 : 174.4 m, 차로수 : 1",서울특별시 성동구
397,응봉지하차도,터널,지하차도,2종,공공,"형식 : 박스형 / 연장 : 370.0 m, 차로수 : 2",서울특별시 성동구
398,석촌지하차도,터널,지하차도,2종,공공,"형식 : 미등록 / 연장 : 490.0 m, 차로수 : 4",서울특별시 송파구
399,송파나루 지하차도,터널,지하차도,2종,공공,"형식 : 박스형 / 연장 : 358.0 m, 차로수 : 4",서울특별시 송파구
400,위례지하차도,터널,지하차도,2종,공공,"형식 : 박스형 / 연장 : 330.0 m, 차로수 : 4",서울특별시 송파구
401,경인2지하차도,터널,지하차도,2종,공공,"형식 : 박스형 / 연장 : 100.0 m, 차로수 : 4",서울특별시 양천구
402,등촌지하차도,터널,지하차도,2종,공공,"형식 : 박스형 / 연장 : 320.0 m, 차로수 : 4",서울특별시 양천구
403,오금지하차도,터널,지하차도,2종,공공,"형식 : 박스형 / 연장 : 100.0 m, 차로수 : 4",서울특별시 양천구
404,오목지하차도,터널,지하차도,2종,공공,"형식 : 박스형 / 연장 : 320.0 m, 차로수 : 4",서울특별시 양천구
405,국회앞지하차도,터널,지하차도,2종,공공,"형식 : 박스형 / 연장 : 292.0 m, 차로수 : 4",서울특별시 영등포구
406,대방지하차도,터널,지하차도,2종,공공,"형식 : 미등록 / 연장 : 150.0 m, 차로수 : 4",서울특별시 영등포구
407,신길지하차도,터널,지하차도,2종,공공,"형식 : 미등록 / 연장 : 150.0 m, 차로수 : 4",서울특별시 영등포구
408,여의도 한강공원 지하차도,터널,지하차도,2종,공공,"형식 : 박스형 / 연장 : 320.0 m, 차로수 : 2",서울특별시 영등포구
409,남산2호터널입구지하차도,터널,지하차도,2종,공공,"형식 : 박스형 / 연장 : 110.0 m, 차로수 : 2",서울특별시 용산구
410,서빙고지하차도,터널,지하차도,2종,공공,"형식 : 박스형 / 연장 : 127.0 m, 차로수 : 2",서울특별시 용산구
411,신용산지하차도,터널,지하차도,2종,공공,"형식 : 박스형 / 연장 : 187.0 m, 차로수 : 4",서울특별시 용산구
412,이태원지하차도,터널,지하차도,2종,공공,"형식 : 박스형 / 연장 : 150.0 m, 차로수 : 4",서울특별시 용산구
413,한강대교동측지하차도,터널,지하차도,2종,공공,"형식 : 라멘형 / 연장 : 190.0 m, 차로수 : 2",서울특별시 용산구
414,신사지하차도,터널,지하차도,2종,공공,"형식 : 라멘형 / 연장 : 155.0 m, 차로수 : 4",서울특별시 은평구
415,증산지하차도,터널,지하차도,2종,공공,"형식 : 박스형 / 연장 : 221.0 m, 차로수 : 6",서울특별시 은평구
416,중앙지하보차도,터널,지하차도,2종,공공,"형식 : 박스형 / 연장 : 209.0 m, 차로수 : 2",서울특별시 종로구
417,지하차도(쁘렝땅앞),터널,지하차도,2종,공공,"형식 : 미등록 / 연장 : 108.0 m, 차로수 : 2",서울특별시 중구
418,능산지하차도,터널,지하차도,2종,공공,"형식 : 박스형 / 연장 : 156.0 m, 차로수 : 4",서울특별시 중랑구
419,상봉지하차도,터널,지하차도,2종,공공,"형식 : 박스형 / 연장 : 140.0 m, 차로수 : 4",서울특별시 중랑구
420,용마지하차도,터널,지하차도,2종,민간,"형식 : 박스형 / 연장 : 383.0 m, 차로수 : 4",서울특별시 중랑구
421,중랑IC1지하차도,터널,지하차도,2종,민간,"형식 : 박스형 / 연장 : 140.0 m, 차로수 : 1",서울특별시 중랑구
422,고이지하차도,터널,지하차도,2종,공공,"형식 : 박스형 / 연장 : 141.0 m, 차로수 : 4",세종특별자치시
423,나릿재지하차도,터널,지하차도,2종,공공,"형식 : 박스형 / 연장 : 635.0 m, 차로수 : 2",세종특별자치시
424,너래지하차도(지하차도-3),터널,지하차도,2종,공공,"형식 : 박스형 / 연장 : 600.0 m, 차로수 : 2",세종특별자치시
425,대평지하차도,터널,지하차도,2종,공공,"형식 : 박스형 / 연장 : 164.0 m, 차로수 : 4",세종특별자치시
426,미르지하차도(지하차도-8),터널,지하차도,2종,공공,"형식 : 박스형 / 연장 : 434.5 m, 차로수 : 2",세종특별자치시
427,보람지하차도,터널,지하차도,2종,공공,"형식 : 박스형 / 연장 : 159.0 m, 차로수 : 4",세종특별자치시
428,사름지하차도,터널,지하차도,2종,공공,"형식 : 박스형 / 연장 : 365.0 m, 차로수 : 2",세종특별자치시
429,새나루지하차도(외곽순환지하차도),터널,지하차도,2종,공공,"형식 : 박스형 / 연장 : 218.0 m, 차로수 : 4",세종특별자치시
430,새롬지하차도,터널,지하차도,2종,공공,"형식 : 박스형 / 연장 : 350.0 m, 차로수 : 2",세종특별자치시
431,선샘지하차도(지하차도-4),터널,지하차도,2종,공공,"형식 : 박스형 / 연장 : 505.0 m, 차로수 : 2",세종특별자치시
432,성금지하차도,터널,지하차도,2종,공공,"형식 : U-TYPE+RC1련BOX / 연장 : 300.0 m, 차로수 : 2",세종특별자치시
433,수루배지하차도(BRT지하차도),터널,지하차도,2종,공공,"형식 : 박스형 / 연장 : 255.0 m, 차로수 : 2",세종특별자치시
434,아름지하차도,터널,지하차도,2종,공공,"형식 : 박스형 / 연장 : 370.0 m, 차로수 : 2",세종특별자치시
435,어진지하차도,터널,지하차도,2종,공공,"형식 : U-TYPE+BOX / 연장 : 202.0 m, 차로수 : 4",세종특별자치시
436,오롯지하차도(외곽순환지하차도),터널,지하차도,2종,공공,"형식 : 박스형 / 연장 : 157.0 m, 차로수 : 4",세종특별자치시
437,집현지하차도,터널,지하차도,2종,공공,"형식 : 박스형 / 연장 : 171.4 m, 차로수 : 4",세종특별자치시
438,호려울지하차도(BRT지하차도),터널,지하차도,2종,공공,"형식 : 박스형 / 연장 : 279.7 m, 차로수 : 2",세종특별자치시
439,삼산지하차도,터널,지하차도,2종,공공,"형식 : 박스형 / 연장 : 270.0 m, 차로수 : 2",울산광역시 남구
440,삼호지하차도,터널,지하차도,2종,공공,"형식 : 박스형 / 연장 : 130.0 m, 차로수 : 2",울산광역시 남구
441,옥현지하차도,터널,지하차도,2종,공공,"형식 : 박스형 / 연장 : 180.0 m, 차로수 : 4",울산광역시 남구
442,예전개방형BOX,터널,지하차도,2종,민간,"형식 : 개방형 BOX / 연장 : 163.0 m, 차로수 : 2",울산광역시 동구
443,명촌본선지하차도,터널,지하차도,2종,공공,"형식 : 미등록 / 연장 : 106.0 m, 차로수 : 4",울산광역시 북구
444,상방지하차도,터널,지하차도,2종,공공,"형식 : 박스형 / 연장 : 430.0 m, 차로수 : 4",울산광역시 북구
445,화봉지하차도,터널,지하차도,2종,공공,"형식 : 박스형 / 연장 : 235.0 m, 차로수 : 4",울산광역시 북구
446,반천산단진입도로 지하차도,터널,지하차도,2종,공공,"형식 : 박스형 / 연장 : 100.0 m, 차로수 : 4",울산광역시 울주군
447,처용지하차도,터널,지하차도,2종,공공,"형식 : 박스형 / 연장 : 140.0 m, 차로수 : 4",울산광역시 울주군
448,동천 지하차도,터널,지하차도,2종,공공,"형식 : 박스형 / 연장 : 280.0 m, 차로수 : 4",울산광역시 중구
449,명정지하차도,터널,지하차도,2종,공공,"형식 : 박스형 / 연장 : 455.0 m, 차로수 : 4",울산광역시 중구
450,우정지하차도,터널,지하차도,2종,공공,"형식 : 박스형 / 연장 : 274.0 m, 차로수 : 2",울산광역시 중구
451,중구청 지하차도,터널,지하차도,2종,공공,"형식 : 박스형 / 연장 : 470.0 m, 차로수 : 4",울산광역시 중구
452,계양지하차도,터널,지하차도,2종,공공,"형식 : 라멘형 / 연장 : 230.0 m, 차로수 : 4",인천광역시 계양구
453,임학지하차도,터널,지하차도,2종,공공,"형식 : 라멘형 / 연장 : 320.0 m, 차로수 : 4",인천광역시 계양구
454,간석지하차도,터널,지하차도,2종,공공,"형식 : 박스형 / 연장 : 140.0 m, 차로수 : 4",인천광역시 남동구
455,고잔지하차도,터널,지하차도,2종,공공,"형식 : 박스형 / 연장 : 200.0 m, 차로수 : 6",인천광역시 남동구
456,인천대공원앞 지하차도,터널,지하차도,2종,공공,"형식 : 박스형 / 연장 : 140.0 m, 차로수 : 4",인천광역시 남동구
457,해안지하차도,터널,지하차도,2종,공공,"형식 : 박스형 / 연장 : 200.0 m, 차로수 : 6",인천광역시 남동구
458,고속종점지하차도,터널,지하차도,2종,공공,"형식 : 박스형 / 연장 : 190.0 m, 차로수 : 4",인천광역시 미추홀구
459,석암지하차도,터널,지하차도,2종,공공,"형식 : 박스형 / 연장 : 208.0 m, 차로수 : 4",인천광역시 미추홀구
460,굴포천역지하차도,터널,지하차도,2종,공공,"형식 : 박스형 / 연장 : 180.0 m, 차로수 : 4",인천광역시 부평구
461,북인천지하차도,터널,지하차도,2종,공공,"형식 : 박스형 / 연장 : 140.0 m, 차로수 : 4",인천광역시 서구
462,석남지하차도,터널,지하차도,2종,공공,"형식 : 박스형 / 연장 : 380.0 m, 차로수 : 2",인천광역시 서구
463,연희지하차도,터널,지하차도,2종,공공,"형식 : 박스형 / 연장 : 355.0 m, 차로수 : 4",인천광역시 서구
464,왕길지하차도,터널,지하차도,2종,공공,"형식 : 미등록 / 연장 : 140.0 m, 차로수 : 4",인천광역시 서구
465,청라지하차도,터널,지하차도,2종,공공,"형식 : 박스형 / 연장 : 610.0 m, 차로수 : 4",인천광역시 서구
466,호수공원 1 지하차도,터널,지하차도,2종,공공,"형식 : 박스형 / 연장 : 485.0 m, 차로수 : 6",인천광역시 서구
467,호수공원 2 지하차도,터널,지하차도,2종,공공,"형식 : 박스형 / 연장 : 485.0 m, 차로수 : 6",인천광역시 서구
468,동춘지하차도,터널,지하차도,2종,공공,"형식 : 박스형 / 연장 : 210.0 m, 차로수 : 6",인천광역시 연수구
469,선학지하차도,터널,지하차도,2종,공공,"형식 : 박스형 / 연장 : 240.0 m, 차로수 : 6",인천광역시 연수구
470,송도지하차도,터널,지하차도,2종,공공,"형식 : 박스형 / 연장 : 200.0 m, 차로수 : 6",인천광역시 연수구
471,옹암지하차도,터널,지하차도,2종,공공,"형식 : 박스형 / 연장 : 250.0 m, 차로수 : 4",인천광역시 연수구
472,용담지하차도,터널,지하차도,2종,공공,"형식 : 박스형 / 연장 : 296.0 m, 차로수 : 2",인천광역시 연수구
473,청학지하차도,터널,지하차도,2종,공공,"형식 : 박스형 / 연장 : 474.0 m, 차로수 : 4",인천광역시 연수구
474,IBC-2 지하차도(북),터널,지하차도,2종,공공,"형식 : 박스형 / 연장 : 113.0 m, 차로수 : 2",인천광역시 중구
475,그린나래지하차도,터널,지하차도,2종,공공,"형식 : 박스형 / 연장 : 280.0 m, 차로수 : 6",인천광역시 중구
476,버스승강장 지하차도,터널,지하차도,2종,공공,"형식 : RC BOX / 연장 : 150.0 m, 차로수 : 2",인천광역시 중구
477,삼목선착장지하차도,터널,지하차도,2종,공공,"형식 : U-Type, Box-Type / 연장 : 280.0 m, 차로수 : 2",인천광역시 중구
478,용유지하차도,터널,지하차도,2종,공공,"형식 : 박스형 / 연장 : 109.0 m, 차로수 : 3",인천광역시 중구
479,푸른나래지하차도,터널,지하차도,2종,공공,"형식 : 박스형 / 연장 : 310.0 m, 차로수 : 6",인천광역시 중구
480,항공단지 지하차도(남),터널,지하차도,2종,공공,"형식 : 박스형 / 연장 : 105.0 m, 차로수 : 2",인천광역시 중구
481,해찬나래지하차도,터널,지하차도,2종,공공,"형식 : 박스형 / 연장 : 256.0 m, 차로수 : 6",인천광역시 중구
482,화물터미널 지하차도 직반송로,터널,지하차도,2종,공공,"형식 : 박스형 / 연장 : 332.4 m, 차로수 : 4",인천광역시 중구
483,용정지하차도,터널,지하차도,2종,공공,"형식 : 미등록 / 연장 : 300.0 m, 차로수 : 1",전라남도 고흥군
484,우치고개지하차도,터널,지하차도,2종,공공,"형식 : 박스형 / 연장 : 200.0 m, 차로수 : 4",전라남도 곡성군
485,정산지하차도,터널,지하차도,2종,공공,"형식 : 박스형 / 연장 : 110.0 m, 차로수 : 4",전라남도 광양시
486,석창지하차도,터널,지하차도,2종,공공,"형식 : 미등록 / 연장 : 160.0 m, 차로수 : 4",전라남도 여수시
487,엑스포지하차도,터널,지하차도,2종,공공,"형식 : 박스형 / 연장 : 100.0 m, 차로수 : 4",전라남도 여수시
488,장성 지하차도,터널,지하차도,2종,공공,"형식 : 박스형 / 연장 : 233.0 m, 차로수 : 2",전라남도 장성군
489,월곡지하차도,터널,지하차도,2종,공공,"형식 : 라멘형 / 연장 : 120.0 m, 차로수 : 4",전라북도 고창군
490,예술의전당 지하차도,터널,지하차도,2종,공공,"형식 : 박스형 / 연장 : 460.0 m, 차로수 : 4",전라북도 군산시
491,서흥지하차도,터널,지하차도,2종,공공,"형식 : 박스형 / 연장 : 120.0 m, 차로수 : 4",전라북도 김제시
492,다송1지하도(상),터널,지하차도,2종,공공,"형식 : 박스형 / 연장 : 130.0 m, 차로수 : 2",전라북도 익산시
493,숭림사생태통로,터널,지하차도,2종,공공,"형식 : 박스형 / 연장 : 170.0 m, 차로수 : 2",전라북도 익산시
494,중앙지하차도,터널,지하차도,2종,공공,"형식 : 박스형 / 연장 : 499.0 m, 차로수 : 4",전라북도 익산시
495,하나로 지하차도,터널,지하차도,2종,공공,"형식 : 박스형 / 연장 : 172.0 m, 차로수 : 4",전라북도 익산시
496,싸리재지하차도,터널,지하차도,2종,공공,"형식 : 박스형 / 연장 : 280.0 m, 차로수 : 5",전라북도 장수군
497,27호광장 지하차도,터널,지하차도,2종,공공,"형식 : 미등록 / 연장 : 460.0 m, 차로수 : 2",전라북도 전주시
498,대학로지하차도,터널,지하차도,2종,공공,"형식 : 박스형 / 연장 : 325.0 m, 차로수 : 4",전라북도 전주시
499,안덕원지하차도,터널,지하차도,2종,공공,"형식 : 박스형 / 연장 : 435.0 m, 차로수 : 4",전라북도 전주시
500,월드컵지하차도,터널,지하차도,2종,공공,"형식 : 박스형 / 연장 : 140.0 m, 차로수 : 4",전라북도 전주시
501,정읍지하차도,터널,지하차도,2종,공공,"형식 : 박스형 / 연장 : 402.0 m, 차로수 : 4",전라북도 정읍시
502,정주지하차도,터널,지하차도,2종,공공,"형식 : 박스형 / 연장 : 240.0 m, 차로수 : 6",전라북도 정읍시
503,2냉연 물류운송용 지하차도,터널,지하차도,2종,민간,"형식 : 박스형 / 연장 : 315.0 m, 차로수 : 2",충청남도 당진시
504,가곡지하차도,터널,지하차도,2종,공공,"형식 : 미등록 / 연장 : 120.0 m, 차로수 : 4",충청남도 당진시
505,고대지하차도,터널,지하차도,2종,공공,"형식 : 박스형 / 연장 : 440.0 m, 차로수 : 4",충청남도 당진시
506,동곡지하차도,터널,지하차도,2종,공공,"형식 : 미등록 / 연장 : 120.0 m, 차로수 : 4",충청남도 당진시
507,군도6호선 지하차도,터널,지하차도,2종,공공,"형식 : 박스형 / 연장 : 350.0 m, 차로수 : 2",충청남도 서천군
508,세교지하차도,터널,지하차도,2종,공공,"형식 : 박스형 / 연장 : 438.5 m, 차로수 : 6",충청남도 아산시
509,송용지하차도,터널,지하차도,2종,공공,"형식 : 직사각형 / 연장 : 145.0 m, 차로수 : 6",충청남도 아산시
510,장재지하차도,터널,지하차도,2종,공공,"형식 : 박스형 / 연장 : 430.0 m, 차로수 : 8",충청남도 아산시
511,나들목 지하차도,터널,지하차도,2종,공공,"형식 : 박스형 / 연장 : 355.1 m, 차로수 : 4",충청남도 천안시
512,두정지하차도,터널,지하차도,2종,공공,"형식 : 박스형 / 연장 : 170.0 m, 차로수 : 4",충청남도 천안시
513,번영로지하차도,터널,지하차도,2종,공공,"형식 : 박스형 / 연장 : 140.0 m, 차로수 : 4",충청남도 천안시
514,성성지하차도,터널,지하차도,2종,공공,"형식 : 박스형 / 연장 : 300.0 m, 차로수 : 3",충청남도 천안시
515,직산지하차도,터널,지하차도,2종,공공,"형식 : 박스형 / 연장 : 130.0 m, 차로수 : 4",충청남도 천안시
516,단양지하차도,터널,지하차도,2종,공공,"형식 : 박스형 / 연장 : 120.0 m, 차로수 : 4",충청북도 단양군
517,고명지하차도,터널,지하차도,2종,공공,"형식 : 박스형 / 연장 : 168.0 m, 차로수 : 4",충청북도 제천시
518,궁평2지하차도,터널,지하차도,2종,공공,"형식 : 박스형 / 연장 : 430.0 m, 차로수 : 4",충청북도 청주시
519,오송바이오폴리스지하차도,터널,지하차도,2종,공공,"형식 : 박스형 / 연장 : 455.0 m, 차로수 : 6",충청북도 청주시
520,오창지하차도,터널,지하차도,2종,공공,"형식 : 박스형 / 연장 : 260.0 m, 차로수 : 4",충청북도 청주시
521,용암지하차도,터널,지하차도,2종,공공,"형식 : 박스형 / 연장 : 470.0 m, 차로수 : 4",충청북도 청주시
522,터미널 지하차도,터널,지하차도,2종,공공,"형식 : 박스형 / 연장 : 480.0 m, 차로수 : 4",충청북도 청주시
523,학평지하차도,터널,지하차도,2종,공공,"형식 : 박스형 / 연장 : 155.0 m, 차로수 : 4",충청북도 청주시
524,입암지하차도,터널,지하차도,3종,공공,"형식 : 박스형 / 연장 : 45.0 m, 차로수 : 2",강원특별자치도 강릉시
525,교동지하차도,터널,지하차도,3종,공공,"형식 : 박스형 / 연장 : 70.0 m, 차로수 : 4",강원특별자치도 속초시
526,능곡지하차도,터널,지하차도,3종,공공,"형식 : 미등록 / 연장 : 96.0 m, 차로수 : 6",경기도 고양시
527,동골지하차도,터널,지하차도,3종,공공,"형식 : 미등록 / 연장 : 70.0 m, 차로수 : 2",경기도 고양시
528,성사주교지하차도,터널,지하차도,3종,공공,"형식 : 미등록 / 연장 : 82.0 m, 차로수 : 2",경기도 고양시
529,식사 지하차도,터널,지하차도,3종,공공,-,경기도 고양시
530,안곡습지 생태통로,터널,지하차도,3종,공공,"형식 : 미등록 / 연장 : 36.0 m, 차로수 : 2",경기도 고양시
531,장항지하차도,터널,지하차도,3종,공공,"형식 : 박스형 / 연장 : 99.0 m, 차로수 : 6",경기도 고양시
532,화전역지하차도,터널,지하차도,3종,공공,"형식 : 박스형 / 연장 : 276.0 m, 차로수 : 2",경기도 고양시
533,화전지하차도(항공대),터널,지하차도,3종,공공,"형식 : 미등록 / 연장 : 214.0 m, 차로수 : 4",경기도 고양시
534,가학삼거리 통로BOX,터널,지하차도,3종,공공,"형식 : 미등록 / 연장 : 25.0 m, 차로수 : 1",경기도 광명시
535,광명IC지하차도,터널,지하차도,3종,공공,"형식 : 박스형 / 연장 : 35.0 m, 차로수 : 4",경기도 광명시
536,구석마을 통로BOX,터널,지하차도,3종,공공,"형식 : 미등록 / 연장 : 40.0 m, 차로수 : 1",경기도 광명시
537,뒷골1 통로BOX,터널,지하차도,3종,공공,"형식 : 미등록 / 연장 : 32.0 m, 차로수 : 1",경기도 광명시
538,뒷골2 통로BOX,터널,지하차도,3종,공공,"형식 : 미등록 / 연장 : 31.0 m, 차로수 : 1",경기도 광명시
539,뒷골3 통로BOX,터널,지하차도,3종,공공,"형식 : 미등록 / 연장 : 35.0 m, 차로수 : 1",경기도 광명시
540,식곡1통로박스,터널,지하차도,3종,공공,"형식 : 박스형 / 연장 : 33.0 m, 차로수 : 1",경기도 광명시
541,식곡2 통로박스,터널,지하차도,3종,공공,"형식 : 미등록 / 연장 : 30.0 m, 차로수 : 1",경기도 광명시
542,식곡3통로박스,터널,지하차도,3종,공공,"형식 : 박스형 / 연장 : 35.5 m, 차로수 : 1",경기도 광명시
543,애기능 통로박스,터널,지하차도,3종,공공,"형식 : 박스형 / 연장 : 55.0 m, 차로수 : 1",경기도 광명시
544,양지교차로 통로BOX(오리로),터널,지하차도,3종,공공,"형식 : 미등록 / 연장 : 42.7 m, 차로수 : 1",경기도 광명시
545,양지교차로2 통로BOX,터널,지하차도,3종,공공,"형식 : 미등록 / 연장 : 50.2 m, 차로수 : 1",경기도 광명시
546,옥길 통로박스,터널,지하차도,3종,공공,"형식 : 미등록 / 연장 : 21.0 m, 차로수 : 1",경기도 광명시
547,이주단지 앞 통로BOX,터널,지하차도,3종,공공,"형식 : 미등록 / 연장 : 30.0 m, 차로수 : 1",경기도 광명시
548,철산지하차도,터널,지하차도,3종,공공,"형식 : 미등록 / 연장 : 90.0 m, 차로수 : 4",경기도 광명시
549,밀목지하보행로,터널,지하차도,3종,공공,"형식 : 미등록 / 연장 : 30.0 m, 차로수 : 1",경기도 광주시
550,당동 지하차도,터널,지하차도,3종,공공,"형식 : 미등록 / 연장 : 89.0 m, 차로수 : 2",경기도 군포시
551,삼패동물이동통로,터널,지하차도,3종,공공,"형식 : 미등록 / 연장 : 46.0 m, 차로수 : 4",경기도 남양주시
552,양정역 철도통로,터널,지하차도,3종,공공,"형식 : 미등록 / 연장 : 90.0 m, 차로수 : 2",경기도 남양주시
553,중촌1지하차도,터널,지하차도,3종,공공,"형식 : 미등록 / 연장 : 10.0 m, 차로수 : 1",경기도 남양주시
554,중촌2지하차도,터널,지하차도,3종,공공,"형식 : 미등록 / 연장 : 30.0 m, 차로수 : 1",경기도 남양주시
555,평내지하차도,터널,지하차도,3종,공공,"형식 : 미등록 / 연장 : 70.0 m, 차로수 : 4",경기도 남양주시
556,소명지하차도,터널,지하차도,3종,공공,"형식 : 박스형 / 연장 : 266.0 m, 차로수 : 2",경기도 부천시
557,역곡지하차도,터널,지하차도,3종,공공,"형식 : 미등록 / 연장 : 37.6 m, 차로수 : 2",경기도 부천시
558,오정휴먼시아 지하차도,터널,지하차도,3종,공공,"형식 : 미등록 / 연장 : 50.0 m, 차로수 : 2",경기도 부천시
559,계원지하보도,터널,지하차도,3종,공공,"형식 : 미등록 / 연장 : 22.4 m, 차로수 : 1",경기도 성남시
560,구미지하보도,터널,지하차도,3종,공공,"형식 : 미등록 / 연장 : 35.4 m, 차로수 : 1",경기도 성남시
561,금곡지하보도,터널,지하차도,3종,공공,"형식 : 미등록 / 연장 : 46.5 m, 차로수 : 1",경기도 성남시
562,내정지하보도,터널,지하차도,3종,공공,"형식 : 미등록 / 연장 : 39.4 m, 차로수 : 1",경기도 성남시
563,두밀지하보도,터널,지하차도,3종,공공,"형식 : 박스형 / 연장 : 50.6 m, 차로수 : 2",경기도 성남시
564,미금지하보도,터널,지하차도,3종,공공,"형식 : 미등록 / 연장 : 52.1 m, 차로수 : 1",경기도 성남시
565,백궁지하보도,터널,지하차도,3종,공공,"형식 : 미등록 / 연장 : 45.8 m, 차로수 : 1",경기도 성남시
566,벌말지하차도,터널,지하차도,3종,공공,"형식 : 미등록 / 연장 : 85.0 m, 차로수 : 3",경기도 성남시
567,분당지하보도,터널,지하차도,3종,공공,"형식 : 미등록 / 연장 : 39.8 m, 차로수 : 1",경기도 성남시
568,불정지하보도,터널,지하차도,3종,공공,"형식 : 미등록 / 연장 : 63.9 m, 차로수 : 1",경기도 성남시
569,서당지하보도,터널,지하차도,3종,공공,"형식 : 미등록 / 연장 : 50.8 m, 차로수 : 1",경기도 성남시
570,서현지하차도,터널,지하차도,3종,공공,"형식 : 미등록 / 연장 : 84.0 m, 차로수 : 6",경기도 성남시
571,송현지하차도,터널,지하차도,3종,공공,"형식 : 박스형 / 연장 : 85.0 m, 차로수 : 4",경기도 성남시
572,수내지하보도,터널,지하차도,3종,공공,"형식 : 미등록 / 연장 : 18.6 m, 차로수 : 1",경기도 성남시
573,숲풍지하차도,터널,지하차도,3종,공공,"형식 : 라멘형 / 연장 : 68.0 m, 차로수 : 4",경기도 성남시
574,안말지하차도,터널,지하차도,3종,공공,"형식 : 미등록 / 연장 : 26.0 m, 차로수 : 4",경기도 성남시
575,야생화지하보도,터널,지하차도,3종,공공,"형식 : 미등록 / 연장 : 48.8 m, 차로수 : 1",경기도 성남시
576,여수지하보도,터널,지하차도,3종,공공,"형식 : 박스형 / 연장 : 67.3 m, 차로수 : 2",경기도 성남시
577,이매1지하보도,터널,지하차도,3종,공공,"형식 : 미등록 / 연장 : 29.3 m, 차로수 : 1",경기도 성남시
578,이매2지하보도,터널,지하차도,3종,공공,"형식 : 미등록 / 연장 : 33.1 m, 차로수 : 1",경기도 성남시
579,이매지하보도,터널,지하차도,3종,공공,"형식 : 미등록 / 연장 : 49.4 m, 차로수 : 1",경기도 성남시
580,정든지하보도,터널,지하차도,3종,공공,"형식 : 미등록 / 연장 : 26.0 m, 차로수 : 1",경기도 성남시
581,정자지하보도,터널,지하차도,3종,공공,"형식 : 미등록 / 연장 : 39.1 m, 차로수 : 1",경기도 성남시
582,중원지하보도,터널,지하차도,3종,공공,"형식 : 미등록 / 연장 : 23.7 m, 차로수 : 2",경기도 성남시
583,초림지하차도,터널,지하차도,3종,공공,"형식 : 미등록 / 연장 : 83.0 m, 차로수 : 6",경기도 성남시
584,탄천1지하보도,터널,지하차도,3종,공공,"형식 : 미등록 / 연장 : 58.1 m, 차로수 : 1",경기도 성남시
585,탄천2지하보도,터널,지하차도,3종,공공,"형식 : 미등록 / 연장 : 32.6 m, 차로수 : 1",경기도 성남시
586,탄천3지하보도,터널,지하차도,3종,공공,"형식 : 미등록 / 연장 : 32.6 m, 차로수 : 1",경기도 성남시
587,탄천4지하보도,터널,지하차도,3종,공공,"형식 : 미등록 / 연장 : 35.3 m, 차로수 : 1",경기도 성남시
588,탄천5지하보도,터널,지하차도,3종,공공,"형식 : 미등록 / 연장 : 44.1 m, 차로수 : 1",경기도 성남시
589,탑마을지하보도,터널,지하차도,3종,공공,"형식 : 미등록 / 연장 : 30.5 m, 차로수 : 1",경기도 성남시
590,태원지하보도,터널,지하차도,3종,공공,"형식 : 미등록 / 연장 : 53.1 m, 차로수 : 1",경기도 성남시
591,태평지하차도(1),터널,지하차도,3종,공공,"형식 : 박스형 / 연장 : 80.0 m, 차로수 : 6",경기도 성남시
592,태평지하차도(2),터널,지하차도,3종,공공,"형식 : 라멘형 / 연장 : 80.0 m, 차로수 : 6",경기도 성남시
593,하탑지하보도,터널,지하차도,3종,공공,"형식 : 미등록 / 연장 : 53.5 m, 차로수 : 1",경기도 성남시
594,황새울지하보도,터널,지하차도,3종,공공,"형식 : 미등록 / 연장 : 51.8 m, 차로수 : 1",경기도 성남시
595,고향의봄길지하차도,터널,지하차도,3종,공공,"형식 : 박스형 / 연장 : 40.0 m, 차로수 : 2",경기도 수원시
596,당암지하차도,터널,지하차도,3종,공공,"형식 : 미등록 / 연장 : 188.0 m, 차로수 : 4",경기도 수원시
597,대황교지하차도,터널,지하차도,3종,공공,"형식 : 미등록 / 연장 : 382.0 m, 차로수 : 4",경기도 수원시
598,매원지하보도,터널,지하차도,3종,공공,"형식 : 미등록 / 연장 : 30.0 m, 차로수 : 9",경기도 수원시
599,밤꽃마을지하차도,터널,지하차도,3종,공공,"형식 : 미등록 / 연장 : 270.0 m, 차로수 : 2",경기도 수원시
600,벽적골지하보도,터널,지하차도,3종,공공,"형식 : 미등록 / 연장 : 46.5 m, 차로수 : 2",경기도 수원시
601,비상활주로지하보도,터널,지하차도,3종,공공,"형식 : 미등록 / 연장 : 95.0 m, 차로수 : 1",경기도 수원시
602,살구골지하보도,터널,지하차도,3종,공공,"형식 : 미등록 / 연장 : 39.0 m, 차로수 : 2",경기도 수원시
603,새터지하차도,터널,지하차도,3종,공공,"형식 : 미등록 / 연장 : 94.3 m, 차로수 : 2",경기도 수원시
604,세평지하차도,터널,지하차도,3종,공공,-,경기도 수원시
605,쑥고개지하보도,터널,지하차도,3종,공공,"형식 : 미등록 / 연장 : 32.0 m, 차로수 : 2",경기도 수원시
606,영생지하차도,터널,지하차도,3종,공공,"형식 : 미등록 / 연장 : 42.0 m, 차로수 : 2",경기도 수원시
607,웃거리지하보도,터널,지하차도,3종,공공,"형식 : 미등록 / 연장 : 32.0 m, 차로수 : 1",경기도 수원시
608,율전지하도,터널,지하차도,3종,공공,"형식 : 미등록 / 연장 : 37.3 m, 차로수 : 2",경기도 수원시
609,이목지하차도,터널,지하차도,3종,공공,"형식 : 미등록 / 연장 : 140.0 m, 차로수 : 4",경기도 수원시
610,일월지하보도,터널,지하차도,3종,공공,"형식 : 미등록 / 연장 : 46.8 m, 차로수 : 1",경기도 수원시
611,탑동지하차도,터널,지하차도,3종,공공,"형식 : 미등록 / 연장 : 700.0 m, 차로수 : 4",경기도 수원시
612,태장지하보도,터널,지하차도,3종,공공,"형식 : 미등록 / 연장 : 50.0 m, 차로수 : 2",경기도 수원시
613,하유지하차도,터널,지하차도,3종,공공,"형식 : 미등록 / 연장 : 96.0 m, 차로수 : 2",경기도 수원시
614,화산지하차도,터널,지하차도,3종,공공,"형식 : 박스형 / 연장 : 50.0 m, 차로수 : 4",경기도 수원시
615,논곡지하차도,터널,지하차도,3종,공공,"형식 : 미등록 / 연장 : 20.0 m, 차로수 : 2",경기도 시흥시
616,능곡지하차도,터널,지하차도,3종,공공,"형식 : 라멘형 / 연장 : 70.0 m, 차로수 : 4",경기도 시흥시
617,도창지하차도,터널,지하차도,3종,공공,"형식 : 미등록 / 연장 : 20.0 m, 차로수 : 2",경기도 시흥시
618,목감IC 지하차도,터널,지하차도,3종,공공,"형식 : 박스형 / 연장 : 430.0 m, 차로수 : 4",경기도 시흥시
619,안산역 지하차도,터널,지하차도,3종,공공,"형식 : 박스형 / 연장 : 372.0 m, 차로수 : 4",경기도 안산시
620,팔곡지하차도,터널,지하차도,3종,공공,"형식 : 미등록 / 연장 : 80.0 m, 차로수 : 2",경기도 안산시
621,고은지하차도,터널,지하차도,3종,공공,"형식 : RC BOX / 연장 : 31.0 m, 차로수 : 2",경기도 안성시
622,관악역 앞 지하보도,터널,지하차도,3종,공공,"형식 : 미등록 / 연장 : 55.0 m, 차로수 : 2",경기도 안양시
623,뉴코아백화점 앞 지하보도,터널,지하차도,3종,공공,"형식 : 미등록 / 연장 : 46.0 m, 차로수 : 1",경기도 안양시
624,대림대학교 앞 지하보도,터널,지하차도,3종,공공,"형식 : 미등록 / 연장 : 46.0 m, 차로수 : 1",경기도 안양시
625,만안초교 앞 지하보도,터널,지하차도,3종,공공,"형식 : 박스형 / 연장 : 30.9 m, 차로수 : 2",경기도 안양시
626,명학지하차도,터널,지하차도,3종,공공,"형식 : 미등록 / 연장 : 55.0 m, 차로수 : 2",경기도 안양시
627,부림중학교 앞 지하보도,터널,지하차도,3종,공공,"형식 : 미등록 / 연장 : 48.8 m, 차로수 : 1",경기도 안양시
628,비산주유소 앞 지하보도,터널,지하차도,3종,공공,"형식 : 미등록 / 연장 : 46.0 m, 차로수 : 1",경기도 안양시
629,서안양우체국사거리 지하보도,터널,지하차도,3종,공공,"형식 : 박스형 / 연장 : 31.5 m, 차로수 : 2",경기도 안양시
630,석수동대림(아) 앞 지하보도,터널,지하차도,3종,공공,"형식 : 박스형 / 연장 : 51.5 m, 차로수 : 2",경기도 안양시
631,시청 앞 지하보도,터널,지하차도,3종,공공,"형식 : 미등록 / 연장 : 46.0 m, 차로수 : 1",경기도 안양시
632,신기중학교 앞 지하보도,터널,지하차도,3종,공공,"형식 : 미등록 / 연장 : 89.8 m, 차로수 : 1",경기도 안양시
633,예술공원 지하차도,터널,지하차도,3종,공공,"형식 : 미등록 / 연장 : 25.0 m, 차로수 : 2",경기도 안양시
634,우편집중국 앞 지하보도,터널,지하차도,3종,공공,"형식 : 미등록 / 연장 : 48.8 m, 차로수 : 1",경기도 안양시
635,제일은행 앞 지하보도,터널,지하차도,3종,공공,"형식 : 미등록 / 연장 : 46.0 m, 차로수 : 1",경기도 안양시
636,조선일보사 앞 지하보도,터널,지하차도,3종,공공,"형식 : 미등록 / 연장 : 30.8 m, 차로수 : 1",경기도 안양시
637,주접 지하차도,터널,지하차도,3종,공공,"형식 : 미등록 / 연장 : 26.5 m, 차로수 : 3",경기도 안양시
638,중앙초교 앞 지하보도,터널,지하차도,3종,공공,"형식 : 미등록 / 연장 : 46.0 m, 차로수 : 1",경기도 안양시
639,청원 지하차도,터널,지하차도,3종,공공,"형식 : 미등록 / 연장 : 33.0 m, 차로수 : 2",경기도 안양시
640,평촌역 중소기업은행 앞 지하보도,터널,지하차도,3종,공공,"형식 : 미등록 / 연장 : 48.0 m, 차로수 : 1",경기도 안양시
641,학원가 앞 지하보도,터널,지하차도,3종,공공,"형식 : 미등록 / 연장 : 48.8 m, 차로수 : 1",경기도 안양시
642,호계시장 앞 지하보도,터널,지하차도,3종,공공,"형식 : 미등록 / 연장 : 46.0 m, 차로수 : 1",경기도 안양시
643,송추지하차도,터널,지하차도,3종,공공,"형식 : 미등록 / 연장 : 138.0 m, 차로수 : 4",경기도 양주시
644,온골지하차도,터널,지하차도,3종,공공,"형식 : 박스형 / 연장 : 85.0 m, 차로수 : 4",경기도 연천군
645,우암지하차도,터널,지하차도,3종,공공,"형식 : 미등록 / 연장 : 40.0 m, 차로수 : 4",경기도 연천군
646,궐동지하도,터널,지하차도,3종,공공,"형식 : 박스형 / 연장 : 31.4 m, 차로수 : 2",경기도 오산시
647,남촌(성호)지하도,터널,지하차도,3종,공공,"형식 : 박스형 / 연장 : 40.0 m, 차로수 : 4",경기도 오산시
648,농서지하차도,터널,지하차도,3종,공공,"형식 : 미등록 / 연장 : 54.0 m, 차로수 : 4",경기도 용인시
649,삼막곡제2지하차도,터널,지하차도,3종,공공,"형식 : 박스형 / 연장 : 142.7 m, 차로수 : 4",경기도 용인시
650,삼막곡터널,터널,지하차도,3종,공공,"형식 : 박스형 / 연장 : 62.0 m, 차로수 : 6",경기도 용인시
651,청덕지하차도,터널,지하차도,3종,공공,"형식 : 박스형 / 연장 : 301.7 m, 차로수 : 4",경기도 용인시
652,비전지하차도,터널,지하차도,3종,공공,"형식 : 미등록 / 연장 : 80.0 m, 차로수 : 4",경기도 평택시
653,서정지하차도,터널,지하차도,3종,공공,"형식 : 박스형 / 연장 : 48.0 m, 차로수 : 2",경기도 평택시
654,서탄지하차도,터널,지하차도,3종,공공,"형식 : 박스형 / 연장 : 30.0 m, 차로수 : 3",경기도 평택시
655,송탄지하차도,터널,지하차도,3종,공공,"형식 : 미등록 / 연장 : 27.0 m, 차로수 : 2",경기도 평택시
656,신대지하차도,터널,지하차도,3종,공공,"형식 : 미등록 / 연장 : 35.0 m, 차로수 : 4",경기도 평택시
657,유천지하차도,터널,지하차도,3종,공공,"형식 : 박스형 / 연장 : 28.0 m, 차로수 : 2",경기도 평택시
658,은실지하차도,터널,지하차도,3종,공공,"형식 : 박스형 / 연장 : 30.0 m, 차로수 : 2",경기도 평택시
659,통복지하차도,터널,지하차도,3종,공공,"형식 : 박스형 / 연장 : 52.0 m, 차로수 : 2",경기도 평택시
660,하북지하차도,터널,지하차도,3종,공공,"형식 : 박스형 / 연장 : 37.0 m, 차로수 : 2",경기도 평택시
661,위례지하보차도,터널,지하차도,3종,공공,"형식 : 박스형 / 연장 : 49.0 m, 차로수 : 3",경기도 하남시
662,창우지하차도,터널,지하차도,3종,공공,"형식 : 박스형 / 연장 : 46.0 m, 차로수 : 4",경기도 하남시
663,구목포지하차도,터널,지하차도,3종,공공,"형식 : 박스형 / 연장 : 25.0 m, 차로수 : 4",경기도 화성시
664,매송지하차도,터널,지하차도,3종,공공,"형식 : 박스형 / 연장 : 55.0 m, 차로수 : 4",경기도 화성시
665,반정지하차도,터널,지하차도,3종,공공,"형식 : 박스형 / 연장 : 59.6 m, 차로수 : 2",경기도 화성시
666,병점1교 지하차도,터널,지하차도,3종,공공,"형식 : 미등록 / 연장 : 66.6 m, 차로수 : 2",경기도 화성시
667,양산지하차도,터널,지하차도,3종,공공,"형식 : 박스형 / 연장 : 86.8 m, 차로수 : 2",경기도 화성시
668,황계지하차도,터널,지하차도,3종,공공,"형식 : 박스형 / 연장 : 71.4 m, 차로수 : 2",경기도 화성시
669,효원지하차도,터널,지하차도,3종,공공,"형식 : RC옹벽 / 연장 : 11.0 m, 차로수 : 2",경기도 화성시
670,귀목정지하차도,터널,지하차도,3종,공공,"형식 : 박스형 / 연장 : 21.0 m, 차로수 : 1",경상남도 거제시
671,수창아파트 앞 지하차도,터널,지하차도,3종,공공,"형식 : 박스형 / 연장 : 25.7 m, 차로수 : 2",경상남도 거제시
672,옥산지하차도,터널,지하차도,3종,공공,"형식 : 박스형 / 연장 : 27.0 m, 차로수 : 1",경상남도 거제시
673,장평지하차도,터널,지하차도,3종,공공,"형식 : 박스형 / 연장 : 54.9 m, 차로수 : 2",경상남도 거제시
674,코아루 앞 지하차도,터널,지하차도,3종,공공,"형식 : 박스형 / 연장 : 30.0 m, 차로수 : 1",경상남도 거제시
675,화원1지하차도,터널,지하차도,3종,공공,"형식 : 박스형 / 연장 : 27.0 m, 차로수 : 2",경상남도 거제시
676,화원2지하차도,터널,지하차도,3종,공공,"형식 : 박스형 / 연장 : 23.0 m, 차로수 : 1",경상남도 거제시
677,송학지하차도,터널,지하차도,3종,공공,"형식 : 미등록 / 연장 : 23.0 m, 차로수 : 2",경상남도 고성군
678,덕계지하차도,터널,지하차도,3종,공공,"형식 : 미등록 / 연장 : 81.0 m, 차로수 : 2",경상남도 양산시
679,남강지하차도,터널,지하차도,3종,공공,"형식 : RC박스교 / 연장 : 293.0 m, 차로수 : 2",경상남도 진주시
680,소계2지하차도,터널,지하차도,3종,공공,"형식 : 미등록 / 연장 : 67.0 m, 차로수 : 5",경상남도 창원시
681,팔용1지하차도,터널,지하차도,3종,공공,"형식 : 미등록 / 연장 : 40.0 m, 차로수 : 2",경상남도 창원시
682,팔용2지하차도,터널,지하차도,3종,공공,"형식 : 미등록 / 연장 : 36.0 m, 차로수 : 2",경상남도 창원시
683,건천지하차도,터널,지하차도,3종,공공,"형식 : 박스형 / 연장 : 10.0 m, 차로수 : 2",경상북도 경주시
684,배반지하차도,터널,지하차도,3종,공공,"형식 : 4련 BOX / 연장 : 20.0 m, 차로수 : 5",경상북도 경주시
685,유금3리 지하차도,터널,지하차도,3종,공공,"형식 : 박스형 / 연장 : 14.0 m, 차로수 : 2",경상북도 경주시
686,마곡지하차도,터널,지하차도,3종,공공,"형식 : 미등록 / 연장 : 83.0 m, 차로수 : 1",경상북도 김천시
687,법흥지하도,터널,지하차도,3종,공공,"형식 : 미등록 / 연장 : 20.0 m, 차로수 : 2",경상북도 안동시
688,서안동I.C지하차도,터널,지하차도,3종,공공,"형식 : 박스형 / 연장 : 90.0 m, 차로수 : 4",경상북도 안동시
689,시외버스터미널지하차도,터널,지하차도,3종,공공,"형식 : 라멘형 / 연장 : 41.0 m, 차로수 : 4",경상북도 안동시
690,예천지하차도,터널,지하차도,3종,공공,"형식 : 박스형 / 연장 : 60.0 m, 차로수 : 4",경상북도 예천군
691,왜관지하보·차도,터널,지하차도,3종,공공,"형식 : 미등록 / 연장 : 56.0 m, 차로수 : 2",경상북도 칠곡군
692,왜관지하차도,터널,지하차도,3종,공공,"형식 : 박스형 / 연장 : 18.3 m, 차로수 : 4",경상북도 칠곡군
693,천평지하차도,터널,지하차도,3종,공공,"형식 : 미등록 / 연장 : 99.8 m, 차로수 : 3",경상북도 칠곡군
694,산월JCT RAMP-G교,터널,지하차도,3종,민간,"형식 : 파형강판 / 연장 : 82.0 m, 차로수 : 2",광주광역시 광산구
695,송정지하차도,터널,지하차도,3종,공공,"형식 : 박스형 / 연장 : 50.0 m, 차로수 : 4",광주광역시 광산구
696,신창지하차도,터널,지하차도,3종,민간,"형식 : 박스형 / 연장 : 530.0 m, 차로수 : 6",광주광역시 광산구
697,광암지하보도,터널,지하차도,3종,공공,"형식 : 미등록 / 연장 : 27.6 m, 차로수 : 1",광주광역시 북구
698,문흥지하보도,터널,지하차도,3종,공공,"형식 : 미등록 / 연장 : 30.0 m, 차로수 : 1",광주광역시 북구
699,용전지하차도,터널,지하차도,3종,공공,"형식 : 미등록 / 연장 : 22.4 m, 차로수 : 1",광주광역시 북구
700,우석지하차도,터널,지하차도,3종,공공,"형식 : 미등록 / 연장 : 8.0 m, 차로수 : 2",광주광역시 북구
701,운암지하보도,터널,지하차도,3종,공공,"형식 : 미등록 / 연장 : 25.0 m, 차로수 : 1",광주광역시 북구
702,운암지하차도,터널,지하차도,3종,공공,"형식 : 박스형 / 연장 : 20.0 m, 차로수 : 2",광주광역시 북구
703,죽림지하차도,터널,지하차도,3종,공공,"형식 : 미등록 / 연장 : 12.0 m, 차로수 : 2",광주광역시 북구
704,대봉교지하차도,터널,지하차도,3종,공공,"형식 : 라멘형 / 연장 : 90.0 m, 차로수 : 4",대구광역시 남구
705,중동교지하차도,터널,지하차도,3종,공공,"형식 : 라멘형 / 연장 : 95.0 m, 차로수 : 4",대구광역시 남구
706,희망교지하차도,터널,지하차도,3종,공공,"형식 : 라멘형 / 연장 : 90.0 m, 차로수 : 4",대구광역시 남구
707,대서지하차도,터널,지하차도,3종,공공,"형식 : 라멘형 / 연장 : 80.0 m, 차로수 : 4",대구광역시 달서구
708,용산 지하차도,터널,지하차도,3종,공공,"형식 : 미등록 / 연장 : 259.0 m, 차로수 : 6",대구광역시 달서구
709,서재지하차도,터널,지하차도,3종,공공,"형식 : 미등록 / 연장 : 49.0 m, 차로수 : 2",대구광역시 달성군
710,강촌지하도,터널,지하차도,3종,공공,"형식 : 미등록 / 연장 : 65.3 m, 차로수 : 1",대구광역시 동구
711,율하지하차도,터널,지하차도,3종,공공,"형식 : 미등록 / 연장 : 52.0 m, 차로수 : 2",대구광역시 동구
712,해서지하차도,터널,지하차도,3종,공공,"형식 : 미등록 / 연장 : 24.0 m, 차로수 : 2",대구광역시 동구
713,효목네거리지하차도,터널,지하차도,3종,공공,"형식 : 미등록 / 연장 : 300.0 m, 차로수 : 4",대구광역시 동구
714,고촌지하차도,터널,지하차도,3종,공공,"형식 : 미등록 / 연장 : 250.0 m, 차로수 : 2",대구광역시 북구
715,농수산지하차도,터널,지하차도,3종,공공,"형식 : 박스형 / 연장 : 93.0 m, 차로수 : 2",대구광역시 북구
716,대구역지하차도,터널,지하차도,3종,공공,"형식 : 미등록 / 연장 : 235.0 m, 차로수 : 8",대구광역시 북구
717,도청교지하차도,터널,지하차도,3종,공공,"형식 : 라멘형 / 연장 : 90.0 m, 차로수 : 4",대구광역시 북구
718,성북교지하차도,터널,지하차도,3종,공공,"형식 : 미등록 / 연장 : 90.0 m, 차로수 : 4",대구광역시 북구
719,매천대교지하차도,터널,지하차도,3종,공공,"형식 : 미등록 / 연장 : 80.0 m, 차로수 : 4",대구광역시 서구
720,상리지하차도,터널,지하차도,3종,공공,"형식 : 미등록 / 연장 : 164.0 m, 차로수 : 4",대구광역시 서구
721,새방지하차도,터널,지하차도,3종,공공,"형식 : 미등록 / 연장 : 71.0 m, 차로수 : 6",대구광역시 서구
722,가천지하차도,터널,지하차도,3종,공공,"형식 : 라멘형 / 연장 : 10.2 m, 차로수 : 2",대구광역시 수성구
723,망우공원지하차도,터널,지하차도,3종,공공,"형식 : 라멘형 / 연장 : 50.0 m, 차로수 : 2",대구광역시 수성구
724,망우당네거리지하차도,터널,지하차도,3종,공공,"형식 : 라멘형 / 연장 : 57.3 m, 차로수 : 2",대구광역시 수성구
725,동신교지하차도,터널,지하차도,3종,공공,"형식 : 라멘형 / 연장 : 90.0 m, 차로수 : 4",대구광역시 중구
726,신천교지하차도,터널,지하차도,3종,공공,"형식 : 라멘형 / 연장 : 95.0 m, 차로수 : 4",대구광역시 중구
727,가오지하차도(복),터널,지하차도,3종,공공,"형식 : 박스형 / 연장 : 25.0 m, 차로수 : 4",대전광역시 동구
728,엑스포지하차도,터널,지하차도,3종,공공,"형식 : 박스형 / 연장 : 85.7 m, 차로수 : 6",대전광역시 서구
729,문현지하보도,터널,지하차도,3종,공공,"형식 : 미등록 / 연장 : 59.0 m, 차로수 : 2",부산광역시 남구
730,문현지하차도,터널,지하차도,3종,공공,"형식 : 미등록 / 연장 : 260.0 m, 차로수 : 4",부산광역시 남구
731,부산진시장 지하차도,터널,지하차도,3종,공공,"형식 : 박스형 / 연장 : 44.0 m, 차로수 : 2",부산광역시 동구
732,범일지하도,터널,지하차도,3종,공공,"형식 : 박스형 / 연장 : 27.7 m, 차로수 : 2",부산광역시 부산진구
733,구남 굴다리,터널,지하차도,3종,공공,"형식 : 미등록 / 연장 : 26.0 m, 차로수 : 2",부산광역시 북구
734,구포시장 입구 지하보도,터널,지하차도,3종,공공,"형식 : 미등록 / 연장 : 11.0 m, 차로수 : 1",부산광역시 북구
735,화명2 지하차도,터널,지하차도,3종,공공,"형식 : 미등록 / 연장 : 37.0 m, 차로수 : 2",부산광역시 북구
736,화명3 지하보도,터널,지하차도,3종,공공,"형식 : 미등록 / 연장 : 42.0 m, 차로수 : 2",부산광역시 북구
737,화명4 지하보도,터널,지하차도,3종,공공,"형식 : 미등록 / 연장 : 47.0 m, 차로수 : 2",부산광역시 북구
738,화명5 지하차도,터널,지하차도,3종,공공,"형식 : 미등록 / 연장 : 37.0 m, 차로수 : 2",부산광역시 북구
739,화명6 지하보도,터널,지하차도,3종,공공,"형식 : 미등록 / 연장 : 37.0 m, 차로수 : 2",부산광역시 북구
740,감현2교 지하보차도,터널,지하차도,3종,공공,"형식 : 통로박스 / 연장 : 20.0 m, 차로수 : 2",부산광역시 사상구
741,괘법동 지하차도,터널,지하차도,3종,공공,"형식 : 통로박스 / 연장 : 48.0 m, 차로수 : 1",부산광역시 사상구
742,보훈병원 지하차도1,터널,지하차도,3종,공공,"형식 : 지하차도 / 연장 : 30.0 m, 차로수 : 2",부산광역시 사상구
743,보훈병원 지하차도3,터널,지하차도,3종,공공,"형식 : 지하차도 / 연장 : 53.0 m, 차로수 : 4",부산광역시 사상구
744,북구경계 지하차도,터널,지하차도,3종,공공,"형식 : 통로박스 / 연장 : 14.5 m, 차로수 : 2",부산광역시 사상구
745,자유아파트 지하보도,터널,지하차도,3종,공공,"형식 : 지하차도 / 연장 : 35.0 m, 차로수 : 4",부산광역시 사상구
746,주례우체국뒤 지하차도,터널,지하차도,3종,공공,"형식 : 지하차도 / 연장 : 46.0 m, 차로수 : 1",부산광역시 사상구
747,학감대로 지하보도,터널,지하차도,3종,공공,"형식 : 지하보도 / 연장 : 37.5 m, 차로수 : 1",부산광역시 사상구
748,학장사거리 지하보도1,터널,지하차도,3종,공공,"형식 : 지하보도 / 연장 : 22.5 m, 차로수 : 1",부산광역시 사상구
749,학장사거리 지하보도2,터널,지하차도,3종,공공,"형식 : 지하보도 / 연장 : 19.5 m, 차로수 : 1",부산광역시 사상구
750,한일시멘트 지하차도,터널,지하차도,3종,공공,"형식 : 지하차도 / 연장 : 79.0 m, 차로수 : 2",부산광역시 사상구
751,센텀지하차도,터널,지하차도,3종,공공,"형식 : 미등록 / 연장 : 100.0 m, 차로수 : 4",부산광역시 해운대구
752,원동IC 인근 지하차도,터널,지하차도,3종,공공,"형식 : 박스형 / 연장 : 4.0 m, 차로수 : 1",부산광역시 해운대구
753,중동지하차도,터널,지하차도,3종,공공,"형식 : 미등록 / 연장 : 85.0 m, 차로수 : 6",부산광역시 해운대구
754,수서지하차도,터널,지하차도,3종,공공,"형식 : 미등록 / 연장 : 90.0 m, 차로수 : 6",서울특별시 강남구
755,동남로 지하보차도,터널,지하차도,3종,공공,"형식 : 미등록 / 연장 : 40.5 m, 차로수 : 2",서울특별시 강동구
756,암사지하차도,터널,지하차도,3종,공공,"형식 : 미등록 / 연장 : 53.0 m, 차로수 : 4",서울특별시 강동구
757,인수봉로지하차도,터널,지하차도,3종,공공,"형식 : 박스형 / 연장 : 27.0 m, 차로수 : 3",서울특별시 강북구
758,개화 지하차도,터널,지하차도,3종,공공,"형식 : 박스형 / 연장 : 80.0 m, 차로수 : 2",서울특별시 강서구
759,개화지하차도,터널,지하차도,3종,공공,"형식 : 미등록 / 연장 : 420.0 m, 차로수 : 4",서울특별시 강서구
760,국내선 진입 지하차도,터널,지하차도,3종,공공,"형식 : 박스형 / 연장 : 80.0 m, 차로수 : 2",서울특별시 강서구
761,국제선방향 지하차도,터널,지하차도,3종,공공,"형식 : 박스형 / 연장 : 63.6 m, 차로수 : 2",서울특별시 강서구
762,국제선진입 지하차도,터널,지하차도,3종,공공,"형식 : 박스형 / 연장 : 115.0 m, 차로수 : 1",서울특별시 강서구
763,발산역지하보도,터널,지하차도,3종,공공,"형식 : 박스형 / 연장 : 160.0 m, 차로수 : 1",서울특별시 강서구
764,인천공항방향 지하차도,터널,지하차도,3종,공공,"형식 : 박스형 / 연장 : 58.0 m, 차로수 : 3",서울특별시 강서구
765,화곡지하차도,터널,지하차도,3종,공공,"형식 : 박스형 / 연장 : 70.0 m, 차로수 : 1",서울특별시 강서구
766,광장중앞 지하차도,터널,지하차도,3종,공공,"형식 : 미등록 / 연장 : 72.0 m, 차로수 : 2",서울특별시 광진구
767,광장중학교앞 지하보도,터널,지하차도,3종,공공,"형식 : 박스형 / 연장 : 72.0 m, 차로수 : 1",서울특별시 광진구
768,군자교동측지하차도,터널,지하차도,3종,공공,"형식 : 미등록 / 연장 : 66.0 m, 차로수 : 4",서울특별시 광진구
769,군자지하보도,터널,지하차도,3종,공공,"형식 : 박스형 / 연장 : 164.0 m, 차로수 : 2",서울특별시 광진구
770,경인철도횡단지하차도,터널,지하차도,3종,공공,"형식 : 미등록 / 연장 : 30.0 m, 차로수 : 6",서울특별시 구로구
771,고척2지하차도,터널,지하차도,3종,공공,"형식 : 박스형 / 연장 : 417.0 m, 차로수 : 4",서울특별시 구로구
772,고척지하차도,터널,지하차도,3종,공공,"형식 : 미등록 / 연장 : 85.0 m, 차로수 : 4",서울특별시 구로구
773,구로역지하차도,터널,지하차도,3종,공공,"형식 : 박스형 / 연장 : 231.0 m, 차로수 : 6",서울특별시 구로구
774,구로큰길(1)지하차도,터널,지하차도,3종,공공,"형식 : 미등록 / 연장 : 25.0 m, 차로수 : 4",서울특별시 구로구
775,구로큰길(2)지하차도,터널,지하차도,3종,공공,"형식 : 미등록 / 연장 : 131.0 m, 차로수 : 4",서울특별시 구로구
776,구일역앞지하보차도,터널,지하차도,3종,공공,"형식 : 박스형 / 연장 : 42.0 m, 차로수 : 1",서울특별시 구로구
777,신정교동측지하차도,터널,지하차도,3종,공공,"형식 : 미등록 / 연장 : 42.0 m, 차로수 : 4",서울특별시 구로구
778,오금교동측지하차도,터널,지하차도,3종,공공,"형식 : 미등록 / 연장 : 60.0 m, 차로수 : 4",서울특별시 구로구
779,오금교접속교,터널,지하차도,3종,공공,"형식 : 라멘형 / 연장 : 60.0 m, 차로수 : 1",서울특별시 구로구
780,오류지하차도,터널,지하차도,3종,공공,"형식 : 박스형 / 연장 : 37.0 m, 차로수 : 2",서울특별시 구로구
781,박미지하차도,터널,지하차도,3종,공공,"형식 : 미등록 / 연장 : 61.5 m, 차로수 : 2",서울특별시 금천구
782,호암길 지하차도,터널,지하차도,3종,공공,"형식 : 박스형 / 연장 : 36.3 m, 차로수 : 2",서울특별시 금천구
783,노원길지하박스차도,터널,지하차도,3종,공공,"형식 : 박스형 / 연장 : 36.0 m, 차로수 : 2",서울특별시 노원구
784,노원지하보도,터널,지하차도,3종,공공,"형식 : 박스형 / 연장 : 46.0 m, 차로수 : 2",서울특별시 노원구
785,노원지하차도,터널,지하차도,3종,공공,"형식 : 박스형 / 연장 : 60.0 m, 차로수 : 4",서울특별시 노원구
786,노일지하보도,터널,지하차도,3종,공공,"형식 : 박스형 / 연장 : 31.0 m, 차로수 : 2",서울특별시 노원구
787,당현지하보도,터널,지하차도,3종,공공,"형식 : 박스형 / 연장 : 46.0 m, 차로수 : 2",서울특별시 노원구
788,덕릉고개 지하차도,터널,지하차도,3종,공공,"형식 : 라멘형 / 연장 : 10.5 m, 차로수 : 2",서울특별시 노원구
789,동일로지하보도,터널,지하차도,3종,공공,"형식 : 박스형 / 연장 : 35.0 m, 차로수 : 2",서울특별시 노원구
790,마들지하차도,터널,지하차도,3종,공공,"형식 : 박스형 / 연장 : 60.0 m, 차로수 : 4",서울특별시 노원구
791,상계지하차도,터널,지하차도,3종,공공,"형식 : 박스형 / 연장 : 78.0 m, 차로수 : 4",서울특별시 노원구
792,수락지하차도,터널,지하차도,3종,공공,"형식 : 박스형 / 연장 : 90.0 m, 차로수 : 2",서울특별시 노원구
793,용화지하보도,터널,지하차도,3종,공공,"형식 : 박스형 / 연장 : 32.0 m, 차로수 : 2",서울특별시 노원구
794,월계1교 상행 언더패스,터널,지하차도,3종,공공,"형식 : 미등록 / 연장 : 310.0 m, 차로수 : 3",서울특별시 노원구
795,월계1교 하행 언더패스,터널,지하차도,3종,공공,"형식 : 미등록 / 연장 : 290.0 m, 차로수 : 3",서울특별시 노원구
796,"월계2,3지하차도",터널,지하차도,3종,공공,"형식 : 박스형 / 연장 : 77.0 m, 차로수 : 4",서울특별시 노원구
797,월계지하차도,터널,지하차도,3종,공공,"형식 : 박스형 / 연장 : 57.0 m, 차로수 : 4",서울특별시 노원구
798,월릉교 상행 언더패스,터널,지하차도,3종,공공,"형식 : 미등록 / 연장 : 186.0 m, 차로수 : 4",서울특별시 노원구
799,월릉교 하행 언더패스,터널,지하차도,3종,공공,"형식 : 미등록 / 연장 : 250.0 m, 차로수 : 4",서울특별시 노원구
800,인덕지하보도,터널,지하차도,3종,공공,"형식 : 박스형 / 연장 : 32.0 m, 차로수 : 2",서울특별시 노원구
801,중계로지하차도,터널,지하차도,3종,공공,"형식 : 박스형 / 연장 : 45.0 m, 차로수 : 2",서울특별시 노원구
802,방학지하차도,터널,지하차도,3종,공공,"형식 : 박스형 / 연장 : 40.0 m, 차로수 : 4",서울특별시 도봉구
803,군자지하차도,터널,지하차도,3종,공공,"형식 : R.C BOX / 연장 : 50.5 m, 차로수 : 2",서울특별시 동대문구
804,답십리굴다리지하보차도,터널,지하차도,3종,공공,"형식 : 미등록 / 연장 : 49.0 m, 차로수 : 4",서울특별시 동대문구
805,독구말지하차도,터널,지하차도,3종,공공,"형식 : 박스형 / 연장 : 76.0 m, 차로수 : 2",서울특별시 동대문구
806,만남지하차도,터널,지하차도,3종,공공,"형식 : R.C BOX / 연장 : 37.0 m, 차로수 : 2",서울특별시 동대문구
807,신이문지하차도,터널,지하차도,3종,공공,"형식 : 미등록 / 연장 : 51.0 m, 차로수 : 2",서울특별시 동대문구
808,중랑교서측언더패스,터널,지하차도,3종,공공,"형식 : U-Type / 연장 : 280.0 m, 차로수 : 3",서울특별시 동대문구
809,중랑지하보차도,터널,지하차도,3종,공공,"형식 : 미등록 / 연장 : 49.0 m, 차로수 : 4",서울특별시 동대문구
810,휘경지하보도,터널,지하차도,3종,공공,"형식 : 박스형 / 연장 : 19.6 m, 차로수 : 6",서울특별시 동대문구
811,고구동산 지하차도,터널,지하차도,3종,공공,"형식 : 박스형 / 연장 : 33.0 m, 차로수 : 2",서울특별시 동작구
812,동작지하차도,터널,지하차도,3종,공공,"형식 : 미등록 / 연장 : 51.0 m, 차로수 : 3",서울특별시 동작구
813,상도지하차도,터널,지하차도,3종,공공,"형식 : 박스형 / 연장 : 111.8 m, 차로수 : 4",서울특별시 동작구
814,양화진 지하보차도,터널,지하차도,3종,공공,"형식 : 라멘형 / 연장 : 90.0 m, 차로수 : 2",서울특별시 마포구
815,교남지하보도,터널,지하차도,3종,공공,"형식 : 박스형 / 연장 : 31.0 m, 차로수 : 2",서울특별시 서대문구
816,연대앞지하보도,터널,지하차도,3종,공공,"형식 : 박스형 / 연장 : 47.0 m, 차로수 : 1",서울특별시 서대문구
817,연희동 굴다리,터널,지하차도,3종,공공,"형식 : 미등록 / 연장 : 71.0 m, 차로수 : 2",서울특별시 서대문구
818,연희지하차도,터널,지하차도,3종,공공,"형식 : 박스형 / 연장 : 70.0 m, 차로수 : 4",서울특별시 서대문구
819,경부고속도로 횡단지하보도,터널,지하차도,3종,공공,"형식 : 미등록 / 연장 : 78.5 m, 차로수 : 1",서울특별시 서초구
820,고속터미널 연결 지하보도,터널,지하차도,3종,공공,"형식 : 미등록 / 연장 : 70.0 m, 차로수 : 1",서울특별시 서초구
821,내곡지하차도,터널,지하차도,3종,공공,"형식 : 박스형 / 연장 : 95.0 m, 차로수 : 2",서울특별시 서초구
822,논현지하보도,터널,지하차도,3종,공공,"형식 : 미등록 / 연장 : 43.2 m, 차로수 : 1",서울특별시 서초구
823,반포지하차도,터널,지하차도,3종,공공,"형식 : 박스형 / 연장 : 80.0 m, 차로수 : 4",서울특별시 서초구
824,신원박스지하차도,터널,지하차도,3종,공공,"형식 : 박스형 / 연장 : 18.0 m, 차로수 : 5",서울특별시 서초구
825,예술의전당1지하보도,터널,지하차도,3종,공공,"형식 : 미등록 / 연장 : 40.0 m, 차로수 : 1",서울특별시 서초구
826,예술의전당2지하보도,터널,지하차도,3종,공공,"형식 : 미등록 / 연장 : 62.0 m, 차로수 : 1",서울특별시 서초구
827,잠수교남측지하차도,터널,지하차도,3종,공공,"형식 : 미등록 / 연장 : 95.0 m, 차로수 : 2",서울특별시 서초구
828,가람교지하차도,터널,지하차도,3종,공공,"형식 : 미등록 / 연장 : 32.5 m, 차로수 : 2",서울특별시 성동구
829,금호동4가 지하차도,터널,지하차도,3종,공공,"형식 : 미등록 / 연장 : 37.4 m, 차로수 : 2",서울특별시 성동구
830,마장지하보도,터널,지하차도,3종,공공,"형식 : 미등록 / 연장 : 50.0 m, 차로수 : 0",서울특별시 성동구
831,마장철도횡단지하보도,터널,지하차도,3종,공공,"형식 : 미등록 / 연장 : 10.0 m, 차로수 : 2",서울특별시 성동구
832,무학아파트진입보도,터널,지하차도,3종,공공,"형식 : 박스형 / 연장 : 23.5 m, 차로수 : 1",서울특별시 성동구
833,살곶이교지하보도,터널,지하차도,3종,공공,"형식 : 미등록 / 연장 : 54.0 m, 차로수 : 1",서울특별시 성동구
834,성동지하차도,터널,지하차도,3종,공공,"형식 : 미등록 / 연장 : 95.0 m, 차로수 : 2",서울특별시 성동구
835,송정지하보도,터널,지하차도,3종,공공,"형식 : 박스형 / 연장 : 14.5 m, 차로수 : 3",서울특별시 성동구
836,한양광장 지하보도,터널,지하차도,3종,공공,"형식 : 미등록 / 연장 : 63.0 m, 차로수 : 3",서울특별시 성동구
837,행당지하보차도,터널,지하차도,3종,공공,"형식 : 미등록 / 연장 : 57.0 m, 차로수 : 2",서울특별시 성동구
838,동선지하차도,터널,지하차도,3종,공공,"형식 : 라멘형 / 연장 : 26.4 m, 차로수 : 2",서울특별시 성북구
839,솔샘지하차도,터널,지하차도,3종,공공,"형식 : 박스형 / 연장 : 53.0 m, 차로수 : 4",서울특별시 성북구
840,수녀원앞 굴다리,터널,지하차도,3종,공공,"형식 : 미등록 / 연장 : 63.0 m, 차로수 : 2",서울특별시 성북구
841,정릉지하차도,터널,지하차도,3종,공공,"형식 : 박스형 / 연장 : 41.0 m, 차로수 : 1",서울특별시 성북구
842,청덕초교앞 굴다리,터널,지하차도,3종,공공,"형식 : 미등록 / 연장 : 59.0 m, 차로수 : 2",서울특별시 성북구
843,가락지하차도,터널,지하차도,3종,공공,"형식 : 미등록 / 연장 : 60.0 m, 차로수 : 4",서울특별시 송파구
844,송파지하차도,터널,지하차도,3종,공공,"형식 : 미등록 / 연장 : 80.0 m, 차로수 : 4",서울특별시 송파구
845,신천지하보도,터널,지하차도,3종,공공,"형식 : 미등록 / 연장 : 148.6 m, 차로수 : 8",서울특별시 송파구
846,아시아공원지하보도,터널,지하차도,3종,공공,"형식 : 미등록 / 연장 : 168.6 m, 차로수 : 8",서울특별시 송파구
847,종합운동장지하차도,터널,지하차도,3종,공공,"형식 : 미등록 / 연장 : 86.0 m, 차로수 : 8",서울특별시 송파구
848,탄천변1지하보도,터널,지하차도,3종,공공,"형식 : 미등록 / 연장 : 27.1 m, 차로수 : 4",서울특별시 송파구
849,탄천변2지하보도,터널,지하차도,3종,공공,"형식 : 미등록 / 연장 : 27.1 m, 차로수 : 4",서울특별시 송파구
850,풍납지하보도,터널,지하차도,3종,공공,"형식 : 미등록 / 연장 : 66.2 m, 차로수 : 8",서울특별시 송파구
851,목동교서측지하차도,터널,지하차도,3종,공공,"형식 : 미등록 / 연장 : 54.0 m, 차로수 : 4",서울특별시 양천구
852,오목교서측지하차도,터널,지하차도,3종,공공,"형식 : 라멘형 / 연장 : 38.0 m, 차로수 : 4",서울특별시 양천구
853,노들길지하차도,터널,지하차도,3종,공공,"형식 : 박스형 / 연장 : 530.0 m, 차로수 : 4",서울특별시 영등포구
854,목동교동측지하차도,터널,지하차도,3종,공공,"형식 : 미등록 / 연장 : 50.0 m, 차로수 : 6",서울특별시 영등포구
855,서울교접속지하보차도,터널,지하차도,3종,공공,"형식 : 박스형 / 연장 : 68.0 m, 차로수 : 3",서울특별시 영등포구
856,성산지하차도,터널,지하차도,3종,공공,"형식 : 박스형 / 연장 : 30.0 m, 차로수 : 2",서울특별시 영등포구
857,여의2지하차도,터널,지하차도,3종,공공,"형식 : 박스형 / 연장 : 380.0 m, 차로수 : 4",서울특별시 영등포구
858,여의교지하차도,터널,지하차도,3종,공공,"형식 : 미등록 / 연장 : 80.0 m, 차로수 : 4",서울특별시 영등포구
859,여의초등교앞지하보도,터널,지하차도,3종,공공,"형식 : 미등록 / 연장 : 27.0 m, 차로수 : 6",서울특별시 영등포구
860,여의하류지하차도,터널,지하차도,3종,공공,"형식 : 박스형 / 연장 : 61.3 m, 차로수 : 5",서울특별시 영등포구
861,영등포지하차도,터널,지하차도,3종,공공,"형식 : 미등록 / 연장 : 36.0 m, 차로수 : 4",서울특별시 영등포구
862,오목교동측지하보차도,터널,지하차도,3종,공공,"형식 : RCB / 연장 : 49.6 m, 차로수 : 1",서울특별시 영등포구
863,오목교동측지하차도,터널,지하차도,3종,공공,"형식 : 미등록 / 연장 : 60.0 m, 차로수 : 4",서울특별시 영등포구
864,갈월지하차도,터널,지하차도,3종,공공,"형식 : 미등록 / 연장 : 53.0 m, 차로수 : 4",서울특별시 용산구
865,남산3호터널앞지하보도,터널,지하차도,3종,공공,"형식 : 미등록 / 연장 : 80.6 m, 차로수 : 1",서울특별시 용산구
866,이촌역~용강중학교간지하보도,터널,지하차도,3종,공공,"형식 : 미등록 / 연장 : 30.0 m, 차로수 : 2",서울특별시 용산구
867,이촌지하차도,터널,지하차도,3종,공공,"형식 : 미등록 / 연장 : 57.0 m, 차로수 : 2",서울특별시 용산구
868,이태원지하보도,터널,지하차도,3종,공공,"형식 : 미등록 / 연장 : 26.0 m, 차로수 : 2",서울특별시 용산구
869,잠수교 북단 지하차도,터널,지하차도,3종,공공,"형식 : 박스형 / 연장 : 238.6 m, 차로수 : 2",서울특별시 용산구
870,잠수교북단지하보도,터널,지하차도,3종,공공,"형식 : 미등록 / 연장 : 31.0 m, 차로수 : 2",서울특별시 용산구
871,한남2동지하차도,터널,지하차도,3종,공공,"형식 : 미등록 / 연장 : 107.0 m, 차로수 : 2",서울특별시 용산구
872,의주로 지하차도,터널,지하차도,3종,공공,"형식 : 박스형 / 연장 : 250.0 m, 차로수 : 4",서울특별시 중구
873,퇴계로 지하차도,터널,지하차도,3종,공공,"형식 : 박스형 / 연장 : 240.0 m, 차로수 : 4",서울특별시 중구
874,동일로지하차도,터널,지하차도,3종,공공,"형식 : 미등록 / 연장 : 55.0 m, 차로수 : 4",서울특별시 중랑구
875,상봉철도횡단 지하보도,터널,지하차도,3종,공공,"형식 : 미등록 / 연장 : 59.0 m, 차로수 : 1",서울특별시 중랑구
876,새마음길 연결 지하보도,터널,지하차도,3종,공공,"형식 : 미등록 / 연장 : 95.0 m, 차로수 : 1",서울특별시 중랑구
877,신내지하보차도,터널,지하차도,3종,공공,"형식 : 미등록 / 연장 : 85.0 m, 차로수 : 4",서울특별시 중랑구
878,중랑교동측언더패스,터널,지하차도,3종,공공,"형식 : U-Type / 연장 : 290.0 m, 차로수 : 3",서울특별시 중랑구
879,양안지하차도,터널,지하차도,3종,공공,"형식 : 박스형 / 연장 : 29.6 m, 차로수 : 4",세종특별자치시
880,명촌강남 지하차도,터널,지하차도,3종,공공,"형식 : 박스형 / 연장 : 111.2 m, 차로수 : 2",울산광역시 남구
881,번영교강남지하차도,터널,지하차도,3종,공공,"형식 : 박스형 / 연장 : 243.2 m, 차로수 : 4",울산광역시 남구
882,여천천지하차도,터널,지하차도,3종,공공,"형식 : 미등록 / 연장 : 52.0 m, 차로수 : 2",울산광역시 남구
883,학성교 강남지하차도,터널,지하차도,3종,공공,"형식 : 박스형 / 연장 : 180.0 m, 차로수 : 4",울산광역시 남구
884,명촌IC 1지하차도,터널,지하차도,3종,공공,"형식 : 박스형 / 연장 : 63.7 m, 차로수 : 1",울산광역시 북구
885,명촌IC 2지하차도,터널,지하차도,3종,공공,"형식 : 박스형 / 연장 : 53.4 m, 차로수 : 1",울산광역시 북구
886,대안지하차도,터널,지하차도,3종,공공,"형식 : 미등록 / 연장 : 45.0 m, 차로수 : 2",울산광역시 울주군
887,번영교강북지하차도,터널,지하차도,3종,공공,"형식 : 박스형 / 연장 : 260.0 m, 차로수 : 4",울산광역시 중구
888,병영성지하차도,터널,지하차도,3종,공공,"형식 : 미등록 / 연장 : 68.0 m, 차로수 : 2",울산광역시 중구
889,학성교 강북지하차도,터널,지하차도,3종,공공,"형식 : 박스형 / 연장 : 160.0 m, 차로수 : 4",울산광역시 중구
890,장수지하차도,터널,지하차도,3종,공공,"형식 : 미등록 / 연장 : 53.0 m, 차로수 : 4",인천광역시 남동구
891,동수지하차도,터널,지하차도,3종,공공,"형식 : 박스형 / 연장 : 60.0 m, 차로수 : 4",인천광역시 부평구
892,동암굴다리,터널,지하차도,3종,공공,"형식 : 박스형 / 연장 : 46.1 m, 차로수 : 6",인천광역시 부평구
893,서순천IC지하차도,터널,지하차도,3종,공공,"형식 : 박스형 / 연장 : 54.0 m, 차로수 : 1",전라남도 순천시
894,순천(지)교,터널,지하차도,3종,공공,"형식 : 미등록 / 연장 : 24.1 m, 차로수 : 1",전라남도 순천시
895,장천지하도,터널,지하차도,3종,공공,"형식 : 미등록 / 연장 : 15.0 m, 차로수 : 4",전라남도 순천시
896,조례지하도,터널,지하차도,3종,공공,"형식 : 미등록 / 연장 : 102.0 m, 차로수 : 4",전라남도 순천시
897,풍덕(지)교,터널,지하차도,3종,공공,"형식 : 미등록 / 연장 : 22.7 m, 차로수 : 1",전라남도 순천시
898,풍덕지하도,터널,지하차도,3종,공공,"형식 : 미등록 / 연장 : 9.8 m, 차로수 : 4",전라남도 순천시
899,남원지하차도,터널,지하차도,3종,공공,"형식 : 미등록 / 연장 : 24.4 m, 차로수 : 2",전라북도 남원시
900,신정지하차도,터널,지하차도,3종,공공,"형식 : 미등록 / 연장 : 21.6 m, 차로수 : 2",전라북도 남원시
901,조산지하차도,터널,지하차도,3종,공공,"형식 : 박스형 / 연장 : 80.0 m, 차로수 : 4",전라북도 남원시
902,화정지하차도,터널,지하차도,3종,공공,"형식 : 미등록 / 연장 : 8.0 m, 차로수 : 2",전라북도 남원시
903,가림지하차도,터널,지하차도,3종,공공,"형식 : 라멘형 / 연장 : 90.0 m, 차로수 : 4",전라북도 무주군
904,병암지하차도,터널,지하차도,3종,공공,"형식 : 박스형 / 연장 : 80.0 m, 차로수 : 4",전라북도 임실군
905,덕지지하차도(복),터널,지하차도,3종,공공,"형식 : 박스형 / 연장 : 14.0 m, 차로수 : 2",충청남도 논산시
906,삼거리지하도(복),터널,지하차도,3종,공공,"형식 : 박스형 / 연장 : 9.0 m, 차로수 : 2",충청남도 논산시
907,지밧지하차도(복),터널,지하차도,3종,공공,"형식 : 박스형 / 연장 : 9.0 m, 차로수 : 2",충청남도 논산시
908,모시리지하차도,터널,지하차도,3종,공공,"형식 : 미등록 / 연장 : 45.0 m, 차로수 : 2",충청남도 천안시
909,봉서지하도,터널,지하차도,3종,공공,"형식 : 미등록 / 연장 : 31.0 m, 차로수 : 6",충청남도 천안시
910,북부지하차도,터널,지하차도,3종,공공,"형식 : 미등록 / 연장 : 75.0 m, 차로수 : 6",충청남도 천안시
911,쌍용지하도,터널,지하차도,3종,공공,"형식 : 미등록 / 연장 : 219.0 m, 차로수 : 4",충청남도 천안시
912,천안지하도,터널,지하차도,3종,공공,"형식 : 미등록 / 연장 : 244.5 m, 차로수 : 2",충청남도 천안시
913,판정지하차도,터널,지하차도,3종,공공,"형식 : 미등록 / 연장 : 61.0 m, 차로수 : 2",충청남도 천안시
914,옹암가도교(단),터널,지하차도,3종,공공,"형식 : 박스형 / 연장 : 5.0 m, 차로수 : 2",충청남도 홍성군
915,각계지하도(복),터널,지하차도,3종,공공,"형식 : 박스형 / 연장 : 7.0 m, 차로수 : 2",충청북도 영동군
916,계룡지하차도(복),터널,지하차도,3종,공공,"형식 : 박스형 / 연장 : 11.1 m, 차로수 : 2",충청북도 영동군
917,관리지하차도(복),터널,지하차도,3종,공공,"형식 : 박스형 / 연장 : 11.1 m, 차로수 : 2",충청북도 영동군
918,대평지하차도(복),터널,지하차도,3종,공공,"형식 : 박스형 / 연장 : 11.1 m, 차로수 : 2",충청북도 영동군
919,사부리지하도(복),터널,지하차도,3종,공공,"형식 : 박스형 / 연장 : 9.0 m, 차로수 : 2",충청북도 영동군
920,송천가도교(복),터널,지하차도,3종,공공,"형식 : 박스형 / 연장 : 8.0 m, 차로수 : 2",충청북도 영동군
921,심곡지하차도(복),터널,지하차도,3종,공공,"형식 : 박스형 / 연장 : 11.1 m, 차로수 : 2",충청북도 영동군
922,용당지하차도(복),터널,지하차도,3종,공공,"형식 : 박스형 / 연장 : 12.2 m, 차로수 : 2",충청북도 영동군
923,가화지하도,터널,지하차도,3종,공공,"형식 : 박스형 / 연장 : 65.0 m, 차로수 : 2",충청북도 옥천군
924,강청지하도(복),터널,지하차도,3종,공공,"형식 : 박스형 / 연장 : 12.0 m, 차로수 : 2",충청북도 옥천군
925,소정지하도(복),터널,지하차도,3종,공공,"형식 : 박스형 / 연장 : 11.0 m, 차로수 : 2",충청북도 옥천군
926,신흥지하도(복),터널,지하차도,3종,공공,"형식 : 미등록 / 연장 : 9.8 m, 차로수 : 2",충청북도 옥천군
927,지탄리통로박스(복),터널,지하차도,3종,공공,"형식 : 박스형 / 연장 : 8.0 m, 차로수 : 2",충청북도 옥천군
928,현리지하도(복),터널,지하차도,3종,공공,"형식 : 박스형 / 연장 : 6.0 m, 차로수 : 2",충청북도 옥천군
929,마송지하도(복),터널,지하차도,3종,공공,"형식 : 박스형 / 연장 : 40.0 m, 차로수 : 2",충청북도 음성군
930,마송지하차도,터널,지하차도,3종,공공,"형식 : 박스형 / 연장 : 29.0 m, 차로수 : 2",충청북도 음성군
931,상노리지하도(복),터널,지하차도,3종,공공,"형식 : 박스형 / 연장 : 23.6 m, 차로수 : 2",충청북도 음성군
932,영천지하차도,터널,지하차도,3종,공공,"형식 : 박스형 / 연장 : 80.2 m, 차로수 : 4",충청북도 제천시
933,궁평지하차도,터널,지하차도,3종,공공,"형식 : 미등록 / 연장 : 80.0 m, 차로수 : 6",충청북도 청주시
934,매봉지하차도(하행),터널,지하차도,3종,공공,"형식 : 미등록 / 연장 : 96.0 m, 차로수 : 2",충청북도 청주시
935,묵방지하차도,터널,지하차도,3종,공공,"형식 : 박스형 / 연장 : 45.0 m, 차로수 : 1",충청북도 청주시
936,오송지하도(복),터널,지하차도,3종,공공,"형식 : 박스형 / 연장 : 28.0 m, 차로수 : 2",충청북도 청주시
937,오창지하차도,터널,지하차도,3종,공공,"형식 : 박스형 / 연장 : 97.0 m, 차로수 : 4",충청북도 청주시
938,달천지하차도,터널,지하차도,3종,공공,"형식 : 박스형 / 연장 : 34.0 m, 차로수 : 1",충청북도 충주시
